parcel_id,Crop_Choice
3400001,Unclassified_fallow
3400002,Unclassified_fallow
3400003,Unclassified_fallow
3400005,Vineyards
3400008,Unclassified_fallow
3400017,Unclassified_fallow
3400019,Vineyards
3400022,Unclassified_fallow
3400023,Miscellaneous_grain_and_hay
3400024,Vineyards
3400027,Unclassified_fallow
3400028,Vineyards
3400030,Miscellaneous_grain_and_hay
3400031,Unclassified_fallow
3400032,Other
3400033,Unclassified_fallow
3400035,Vineyards
3400037,Vineyards
3400039,Unclassified_fallow
3400043,Vineyards
3400045,Vineyards
3400046,Unclassified_fallow
3400049,Unclassified_fallow
3400050,Unclassified_fallow
3400051,Vineyards
3400053,Unclassified_fallow
3400055,Unclassified_fallow
3400062,Vineyards
3400063,Unclassified_fallow
3400065,Unclassified_fallow
3400067,Unclassified_fallow
3400069,Unclassified_fallow
3400077,Vineyards
3400078,Vineyards
3400080,Unclassified_fallow
3400081,Unclassified_fallow
3400082,Vineyards
3400086,Other
3400091,Vineyards
3400093,Unclassified_fallow
3400096,Unclassified_fallow
3400099,Unclassified_fallow
3400100,Unclassified_fallow
3400101,Vineyards
3400104,Vineyards
3400105,Unclassified_fallow
3400107,Vineyards
3400108,Vineyards
3400110,Vineyards
3400112,Vineyards
3400113,Unclassified_fallow
3400114,Vineyards
3400116,Vineyards
3400117,Unclassified_fallow
3400118,Unclassified_fallow
3400119,Unclassified_fallow
3400123,Unclassified_fallow
3400124,Miscellaneous_grain_and_hay
3400128,Unclassified_fallow
3400129,Unclassified_fallow
3400130,Unclassified_fallow
3400132,Vineyards
3400134,Unclassified_fallow
3400138,Unclassified_fallow
3400140,Unclassified_fallow
3400141,Vineyards
3400142,Unclassified_fallow
3400143,Vineyards
3400144,Unclassified_fallow
3400146,Vineyards
3400150,Vineyards
3400151,Unclassified_fallow
3400154,Miscellaneous_grain_and_hay
3400155,Unclassified_fallow
3400156,Unclassified_fallow
3400158,Vineyards
3400161,Unclassified_fallow
3400162,Vineyards
3400166,Vineyards
3400167,Unclassified_fallow
3400168,Unclassified_fallow
3400170,Unclassified_fallow
3400171,Unclassified_fallow
3400172,Vineyards
3400176,Unclassified_fallow
3400177,Unclassified_fallow
3400178,Other
3400179,Unclassified_fallow
3400181,Other
3400184,Miscellaneous_grain_and_hay
3400186,Unclassified_fallow
3400187,Other
3400188,Vineyards
3400190,Unclassified_fallow
3400193,Vineyards
3400194,Alfalfa_and_alfalfa_mixtures
3400197,Unclassified_fallow
3400198,Unclassified_fallow
3400204,Unclassified_fallow
3400206,Unclassified_fallow
3400207,Unclassified_fallow
3400209,Other
3400212,Other
3400213,Unclassified_fallow
3400214,Unclassified_fallow
3400215,Unclassified_fallow
3400216,Vineyards
3400217,Miscellaneous_grain_and_hay
3400218,Unclassified_fallow
3400221,Unclassified_fallow
3400223,Unclassified_fallow
3400224,Unclassified_fallow
3400225,Unclassified_fallow
3400227,Vineyards
3400228,Unclassified_fallow
3400230,Vineyards
3400233,Unclassified_fallow
3400234,Vineyards
3400236,Miscellaneous_grain_and_hay
3400239,Vineyards
3400242,Vineyards
3400243,Vineyards
3400245,Vineyards
3400248,Unclassified_fallow
3400250,Other
3400252,Unclassified_fallow
3400253,Unclassified_fallow
3400254,Unclassified_fallow
3400256,Vineyards
3400257,Unclassified_fallow
3400258,Vineyards
3400259,Unclassified_fallow
3400264,Unclassified_fallow
3400265,Vineyards
3400266,Unclassified_fallow
3400269,Unclassified_fallow
3400270,Unclassified_fallow
3400272,Vineyards
3400273,Vineyards
3400275,Unclassified_fallow
3400277,Vineyards
3400278,Unclassified_fallow
3400279,Unclassified_fallow
3400281,Vineyards
3400282,Miscellaneous_grain_and_hay
3400286,Vineyards
3400287,Miscellaneous_grain_and_hay
3400290,Unclassified_fallow
3400291,Unclassified_fallow
3400292,Unclassified_fallow
3400293,Vineyards
3400296,Vineyards
3400298,Unclassified_fallow
3400300,Miscellaneous_grain_and_hay
3400301,Miscellaneous_grain_and_hay
3400302,Unclassified_fallow
3400303,Vineyards
3400308,Vineyards
3400311,Unclassified_fallow
3400312,Unclassified_fallow
3400316,Vineyards
3400317,Vineyards
3400321,Unclassified_fallow
3400324,Unclassified_fallow
3400325,Unclassified_fallow
3400327,Unclassified_fallow
3400331,Vineyards
3400332,Unclassified_fallow
3400333,Unclassified_fallow
3400338,Other
3400344,Vineyards
3400346,Vineyards
3400347,Other
3400348,Miscellaneous_grain_and_hay
3400349,Vineyards
3400350,Vineyards
3400352,Unclassified_fallow
3400354,Vineyards
3400355,Unclassified_fallow
3400358,Unclassified_fallow
3400359,Unclassified_fallow
3400360,Unclassified_fallow
3400361,Other
3400364,Unclassified_fallow
3400366,Unclassified_fallow
3400368,Unclassified_fallow
3400371,Vineyards
3400376,Other
3400378,Unclassified_fallow
3400379,Unclassified_fallow
3400382,Miscellaneous_grain_and_hay
3400383,Other
3400385,Unclassified_fallow
3400386,Other
3400387,Unclassified_fallow
3400390,Vineyards
3400392,Unclassified_fallow
3400393,Miscellaneous_grain_and_hay
3400395,Unclassified_fallow
3400396,Vineyards
3400397,Unclassified_fallow
3400398,Unclassified_fallow
3400399,Unclassified_fallow
3400400,Unclassified_fallow
3400404,Vineyards
3400405,Vineyards
3400408,Unclassified_fallow
3400409,Unclassified_fallow
3400411,Unclassified_fallow
3400412,Unclassified_fallow
3400421,Unclassified_fallow
3400423,Vineyards
3400424,Unclassified_fallow
3400425,Other
3400427,Miscellaneous_grain_and_hay
3400429,Unclassified_fallow
3400431,Unclassified_fallow
3400436,Unclassified_fallow
3400437,Unclassified_fallow
3400438,Miscellaneous_grain_and_hay
3400441,Other
3400442,Other
3400444,Miscellaneous_grain_and_hay
3400448,Vineyards
3400449,Vineyards
3400450,Unclassified_fallow
3400454,Vineyards
3400455,Miscellaneous_grain_and_hay
3400456,Other
3400457,Vineyards
3400461,Unclassified_fallow
3400463,Unclassified_fallow
3400464,Vineyards
3400466,Unclassified_fallow
3400468,Other
3400469,Unclassified_fallow
3400470,Vineyards
3400471,Unclassified_fallow
3400473,Unclassified_fallow
3400479,Unclassified_fallow
3400480,Miscellaneous_grain_and_hay
3400481,Other
3400483,Unclassified_fallow
3400484,Other
3400490,Other
3400492,Unclassified_fallow
3400495,Vineyards
3400496,Unclassified_fallow
3400500,Unclassified_fallow
3400502,Unclassified_fallow
3400504,Unclassified_fallow
3400505,Unclassified_fallow
3400507,Unclassified_fallow
3400514,Miscellaneous_grain_and_hay
3400515,Vineyards
3400518,Unclassified_fallow
3400519,Unclassified_fallow
3400523,Vineyards
3400525,Other
3400526,Vineyards
3400528,Unclassified_fallow
3400530,Vineyards
3400531,Vineyards
3400532,Vineyards
3400534,Miscellaneous_grain_and_hay
3400536,Vineyards
3400538,Unclassified_fallow
3400541,Miscellaneous_grain_and_hay
3400543,Other
3400544,Unclassified_fallow
3400547,Other
3400549,Vineyards
3400550,Unclassified_fallow
3400552,Vineyards
3400554,Unclassified_fallow
3400557,Unclassified_fallow
3400559,Vineyards
3400560,Other
3400561,Unclassified_fallow
3400563,Vineyards
3400564,Unclassified_fallow
3400565,Unclassified_fallow
3400567,Unclassified_fallow
3400572,Unclassified_fallow
3400574,Unclassified_fallow
3400577,Unclassified_fallow
3400580,Unclassified_fallow
3400581,Miscellaneous_grain_and_hay
3400582,Unclassified_fallow
3400583,Unclassified_fallow
3400584,Unclassified_fallow
3400588,Vineyards
3400590,Vineyards
3400591,Unclassified_fallow
3400592,Vineyards
3400593,Vineyards
3400595,Unclassified_fallow
3400597,Vineyards
3400598,Unclassified_fallow
3400600,Unclassified_fallow
3400602,Unclassified_fallow
3400603,Unclassified_fallow
3400606,Unclassified_fallow
3400608,Unclassified_fallow
3400612,Unclassified_fallow
3400613,Unclassified_fallow
3400614,Other
3400618,Miscellaneous_grain_and_hay
3400619,Unclassified_fallow
3400620,Vineyards
3400622,Unclassified_fallow
3400623,Vineyards
3400626,Unclassified_fallow
3400627,Unclassified_fallow
3400629,Unclassified_fallow
3400630,Vineyards
3400634,Other
3400636,Unclassified_fallow
3400637,Vineyards
3400638,Miscellaneous_grain_and_hay
3400639,Unclassified_fallow
3400640,Vineyards
3400642,Unclassified_fallow
3400643,Miscellaneous_grain_and_hay
3400644,Unclassified_fallow
3400646,Unclassified_fallow
3400647,Miscellaneous_grain_and_hay
3400650,Unclassified_fallow
3400654,Vineyards
3400655,Unclassified_fallow
3400656,Other
3400660,Vineyards
3400663,Unclassified_fallow
3400666,Vineyards
3400668,Vineyards
3400669,Unclassified_fallow
3400671,Unclassified_fallow
3400674,Vineyards
3400679,Vineyards
3400680,Miscellaneous_grain_and_hay
3400685,Vineyards
3400686,Vineyards
3400687,Vineyards
3400688,Unclassified_fallow
3400690,Vineyards
3400691,Unclassified_fallow
3400694,Unclassified_fallow
3400700,Unclassified_fallow
3400705,Miscellaneous_grain_and_hay
3400706,Vineyards
3400707,Unclassified_fallow
3400708,Unclassified_fallow
3400710,Unclassified_fallow
3400711,Unclassified_fallow
3400714,Vineyards
3400721,Unclassified_fallow
3400722,Unclassified_fallow
3400726,Other
3400727,Vineyards
3400729,Miscellaneous_grain_and_hay
3400734,Vineyards
3400738,Vineyards
3400739,Vineyards
3400751,Unclassified_fallow
3400753,Unclassified_fallow
3400755,Vineyards
3400757,Vineyards
3400760,Miscellaneous_grain_and_hay
3400761,Vineyards
3400762,Unclassified_fallow
3400765,Unclassified_fallow
3400767,Vineyards
3400768,Other
3400769,Other
3400772,Other
3400774,Unclassified_fallow
3400778,Vineyards
3400779,Unclassified_fallow
3400782,Unclassified_fallow
3400784,Unclassified_fallow
3400785,Unclassified_fallow
3400787,Unclassified_fallow
3400792,Unclassified_fallow
3400793,Unclassified_fallow
3400794,Vineyards
3400795,Vineyards
3400797,Unclassified_fallow
3400798,Vineyards
3400799,Vineyards
3400801,Unclassified_fallow
3400802,Unclassified_fallow
3400805,Unclassified_fallow
3400806,Miscellaneous_grain_and_hay
3400808,Unclassified_fallow
3400809,Unclassified_fallow
3400811,Unclassified_fallow
3400814,Unclassified_fallow
3400818,Unclassified_fallow
3400821,Unclassified_fallow
3400822,Unclassified_fallow
3400823,Unclassified_fallow
3400824,Unclassified_fallow
3400825,Unclassified_fallow
3400827,Unclassified_fallow
3400828,Unclassified_fallow
3400830,Unclassified_fallow
3400832,Vineyards
3400834,Unclassified_fallow
3400837,Unclassified_fallow
3400840,Unclassified_fallow
3400842,Unclassified_fallow
3400844,Unclassified_fallow
3400846,Unclassified_fallow
3400847,Vineyards
3400848,Other
3400849,Unclassified_fallow
3400851,Unclassified_fallow
3400856,Vineyards
3400858,Vineyards
3400863,Other
3400864,Unclassified_fallow
3400866,Vineyards
3400871,Vineyards
3400872,Vineyards
3400873,Vineyards
3400874,Unclassified_fallow
3400875,Vineyards
3400876,Unclassified_fallow
3400878,Unclassified_fallow
3400879,Miscellaneous_grain_and_hay
3400882,Unclassified_fallow
3400883,Vineyards
3400884,Unclassified_fallow
3400885,Miscellaneous_grain_and_hay
3400888,Unclassified_fallow
3400895,Other
3400900,Vineyards
3400902,Vineyards
3400904,Unclassified_fallow
3400905,Unclassified_fallow
3400906,Unclassified_fallow
3400909,Vineyards
3400910,Other
3400914,Unclassified_fallow
3400915,Vineyards
3400916,Miscellaneous_grain_and_hay
3400921,Vineyards
3400924,Other
3400927,Vineyards
3400930,Unclassified_fallow
3400931,Unclassified_fallow
3400932,Unclassified_fallow
3400934,Vineyards
3400940,Unclassified_fallow
3400941,Vineyards
3400947,Unclassified_fallow
3400948,Unclassified_fallow
3400950,Unclassified_fallow
3400951,Unclassified_fallow
3400955,Unclassified_fallow
3400957,Unclassified_fallow
3400959,Vineyards
3400960,Other
3400961,Unclassified_fallow
3400962,Unclassified_fallow
3400966,Unclassified_fallow
3400967,Vineyards
3400971,Unclassified_fallow
3400974,Unclassified_fallow
3400975,Unclassified_fallow
3400978,Unclassified_fallow
3400980,Unclassified_fallow
3400982,Vineyards
3400983,Other
3400985,Unclassified_fallow
3400990,Vineyards
3400992,Other
3400993,Unclassified_fallow
3400994,Unclassified_fallow
3400996,Unclassified_fallow
3401002,Unclassified_fallow
3401003,Vineyards
3401004,Vineyards
3401006,Vineyards
3401009,Miscellaneous_grain_and_hay
3401014,Unclassified_fallow
3401015,Unclassified_fallow
3401016,Unclassified_fallow
3401019,Unclassified_fallow
3401020,Vineyards
3401021,Miscellaneous_grain_and_hay
3401024,Unclassified_fallow
3401025,Unclassified_fallow
3401032,Miscellaneous_grain_and_hay
3401036,Vineyards
3401038,Unclassified_fallow
3401039,Miscellaneous_grain_and_hay
3401040,Unclassified_fallow
3401041,Unclassified_fallow
3401044,Vineyards
3401045,Vineyards
3401046,Unclassified_fallow
3401048,Vineyards
3401060,Unclassified_fallow
3401061,Unclassified_fallow
3401063,Unclassified_fallow
3401064,Other
3401065,Unclassified_fallow
3401067,Vineyards
3401070,Unclassified_fallow
3401072,Vineyards
3401073,Unclassified_fallow
3401074,Unclassified_fallow
3401082,Unclassified_fallow
3401087,Vineyards
3401088,Other
3401089,Other
3401092,Unclassified_fallow
3401093,Unclassified_fallow
3401094,Unclassified_fallow
3401096,Unclassified_fallow
3401101,Unclassified_fallow
3401102,Unclassified_fallow
3401104,Vineyards
3401105,Unclassified_fallow
3401108,Unclassified_fallow
3401110,Unclassified_fallow
3401113,Vineyards
3401114,Vineyards
3401116,Other
3401117,Vineyards
3401123,Unclassified_fallow
3401125,Unclassified_fallow
3401126,Unclassified_fallow
3401127,Vineyards
3401132,Miscellaneous_grain_and_hay
3401135,Vineyards
3401136,Unclassified_fallow
3401138,Other
3401143,Unclassified_fallow
3401146,Unclassified_fallow
3401157,Unclassified_fallow
3401158,Unclassified_fallow
3401159,Unclassified_fallow
3401160,Other
3401161,Unclassified_fallow
3401164,Unclassified_fallow
3401165,Unclassified_fallow
3401169,Unclassified_fallow
3401171,Other
3401172,Unclassified_fallow
3401175,Unclassified_fallow
3401177,Vineyards
3401179,Unclassified_fallow
3401180,Vineyards
3401181,Unclassified_fallow
3401182,Unclassified_fallow
3401183,Unclassified_fallow
3401184,Unclassified_fallow
3401186,Vineyards
3401187,Miscellaneous_grain_and_hay
3401188,Vineyards
3401190,Vineyards
3401192,Vineyards
3401193,Unclassified_fallow
3401198,Vineyards
3401202,Unclassified_fallow
3401203,Unclassified_fallow
3401208,Unclassified_fallow
3401209,Unclassified_fallow
3401211,Miscellaneous_grain_and_hay
3401212,Unclassified_fallow
3401214,Miscellaneous_grain_and_hay
3401215,Unclassified_fallow
3401218,Unclassified_fallow
3401222,Unclassified_fallow
3401226,Unclassified_fallow
3401228,Unclassified_fallow
3401229,Vineyards
3401230,Miscellaneous_grain_and_hay
3401231,Unclassified_fallow
3401239,Unclassified_fallow
3401243,Unclassified_fallow
3401244,Other
3401247,Unclassified_fallow
3401258,Vineyards
3401260,Unclassified_fallow
3401262,Unclassified_fallow
3401263,Unclassified_fallow
3401268,Unclassified_fallow
3401270,Vineyards
3401271,Unclassified_fallow
3401274,Vineyards
3401276,Unclassified_fallow
3401279,Unclassified_fallow
3401280,Vineyards
3401284,Unclassified_fallow
3401286,Vineyards
3401287,Unclassified_fallow
3401288,Other
3401289,Vineyards
3401295,Vineyards
3401296,Vineyards
3401297,Unclassified_fallow
3401299,Unclassified_fallow
3401301,Miscellaneous_grain_and_hay
3401302,Unclassified_fallow
3401303,Other
3401304,Unclassified_fallow
3401308,Vineyards
3401309,Unclassified_fallow
3401310,Unclassified_fallow
3401312,Unclassified_fallow
3401315,Other
3401319,Unclassified_fallow
3401320,Unclassified_fallow
3401321,Unclassified_fallow
3401322,Unclassified_fallow
3401326,Unclassified_fallow
3401327,Unclassified_fallow
3401328,Unclassified_fallow
3401329,Unclassified_fallow
3401331,Unclassified_fallow
3401332,Unclassified_fallow
3401334,Unclassified_fallow
3401335,Unclassified_fallow
3401336,Unclassified_fallow
3401337,Unclassified_fallow
3401338,Other
3401339,Other
3401350,Other
3401351,Unclassified_fallow
3401357,Unclassified_fallow
3401360,Unclassified_fallow
3401361,Unclassified_fallow
3401362,Unclassified_fallow
3401363,Vineyards
3401367,Vineyards
3401370,Vineyards
3401371,Unclassified_fallow
3401372,Miscellaneous_grain_and_hay
3401373,Vineyards
3401374,Unclassified_fallow
3401378,Vineyards
3401379,Vineyards
3401380,Unclassified_fallow
3401381,Unclassified_fallow
3401382,Unclassified_fallow
3401383,Vineyards
3401384,Unclassified_fallow
3401385,Unclassified_fallow
3401387,Vineyards
3401391,Vineyards
3401392,Other
3401393,Unclassified_fallow
3401395,Vineyards
3401403,Unclassified_fallow
3401404,Unclassified_fallow
3401406,Unclassified_fallow
3401408,Miscellaneous_grain_and_hay
3401409,Vineyards
3401410,Vineyards
3401411,Unclassified_fallow
3401412,Unclassified_fallow
3401414,Other
3401416,Vineyards
3401417,Unclassified_fallow
3401418,Unclassified_fallow
3401420,Vineyards
3401421,Vineyards
3401424,Vineyards
3401425,Vineyards
3401428,Unclassified_fallow
3401433,Unclassified_fallow
3401436,Unclassified_fallow
3401439,Vineyards
3401442,Vineyards
3401448,Vineyards
3401457,Unclassified_fallow
3401458,Vineyards
3401460,Unclassified_fallow
3401461,Unclassified_fallow
3401463,Other
3401465,Vineyards
3401468,Unclassified_fallow
3401471,Other
3401472,Miscellaneous_grain_and_hay
3401473,Vineyards
3401474,Other
3401476,Vineyards
3401477,Vineyards
3401480,Vineyards
3401481,Unclassified_fallow
3401483,Unclassified_fallow
3401484,Vineyards
3401485,Miscellaneous_grain_and_hay
3401487,Unclassified_fallow
3401489,Vineyards
3401490,Unclassified_fallow
3401491,Unclassified_fallow
3401492,Unclassified_fallow
3401495,Other
3401499,Other
3401500,Unclassified_fallow
3401505,Vineyards
3401508,Unclassified_fallow
3401510,Unclassified_fallow
3401517,Unclassified_fallow
3401518,Vineyards
3401520,Miscellaneous_grain_and_hay
3401521,Vineyards
3401523,Unclassified_fallow
3401526,Unclassified_fallow
3401529,Unclassified_fallow
3401530,Vineyards
3401531,Unclassified_fallow
3401533,Unclassified_fallow
3401534,Unclassified_fallow
3401536,Vineyards
3401539,Unclassified_fallow
3401540,Unclassified_fallow
3401543,Other
3401544,Vineyards
3401546,Unclassified_fallow
3401547,Vineyards
3401549,Unclassified_fallow
3401550,Unclassified_fallow
3401551,Unclassified_fallow
3401552,Unclassified_fallow
3401553,Unclassified_fallow
3401568,Unclassified_fallow
3401569,Unclassified_fallow
3401571,Vineyards
3401572,Unclassified_fallow
3401577,Vineyards
3401578,Vineyards
3401579,Unclassified_fallow
3401580,Unclassified_fallow
3401581,Other
3401582,Other
3401583,Unclassified_fallow
3401584,Unclassified_fallow
3401585,Unclassified_fallow
3401586,Vineyards
3401589,Vineyards
3401590,Vineyards
3401591,Unclassified_fallow
3401592,Miscellaneous_grain_and_hay
3401593,Unclassified_fallow
3401594,Unclassified_fallow
3401595,Vineyards
3401596,Unclassified_fallow
3401597,Unclassified_fallow
3401598,Unclassified_fallow
3401599,Unclassified_fallow
3401600,Other
3401601,Unclassified_fallow
3401602,Unclassified_fallow
3401603,Unclassified_fallow
3401604,Vineyards
3401605,Other
3401606,Other
3401607,Unclassified_fallow
3401608,Unclassified_fallow
3401609,Unclassified_fallow
3401610,Unclassified_fallow
3401611,Unclassified_fallow
3401612,Unclassified_fallow
3401613,Unclassified_fallow
3401626,Unclassified_fallow
3401627,Unclassified_fallow
3401629,Unclassified_fallow
3401630,Unclassified_fallow
3401631,Unclassified_fallow
3401632,Unclassified_fallow
3401633,Unclassified_fallow
3401635,Unclassified_fallow
3401636,Unclassified_fallow
3401637,Unclassified_fallow
3401638,Unclassified_fallow
3401641,Unclassified_fallow
3401643,Unclassified_fallow
3401644,Other
3401645,Unclassified_fallow
3401655,Unclassified_fallow
3401656,Unclassified_fallow
3401657,Unclassified_fallow
3401658,Unclassified_fallow
3401659,Unclassified_fallow
3401660,Unclassified_fallow
3401661,Unclassified_fallow
3401662,Unclassified_fallow
3401663,Unclassified_fallow
3401664,Unclassified_fallow
3401665,Unclassified_fallow
3401666,Unclassified_fallow
3401667,Unclassified_fallow
3401668,Unclassified_fallow
3401669,Unclassified_fallow
3401670,Unclassified_fallow
3401671,Unclassified_fallow
3401672,Unclassified_fallow
3401673,Unclassified_fallow
3401674,Unclassified_fallow
3401675,Unclassified_fallow
3401676,Unclassified_fallow
3401677,Unclassified_fallow
3401681,Unclassified_fallow
3401682,Unclassified_fallow
3401683,Unclassified_fallow
3401684,Unclassified_fallow
3401685,Unclassified_fallow
3401692,Vineyards
3401693,Unclassified_fallow
3401694,Unclassified_fallow
3401699,Unclassified_fallow
3401702,Unclassified_fallow
3401703,Vineyards
3401709,Unclassified_fallow
3401711,Unclassified_fallow
3401712,Unclassified_fallow
3401713,Unclassified_fallow
3401714,Unclassified_fallow
3401722,Unclassified_fallow
3401725,Unclassified_fallow
3401726,Miscellaneous_grain_and_hay
3401727,Unclassified_fallow
3401728,Unclassified_fallow
3401729,Unclassified_fallow
3401730,Unclassified_fallow
3401731,Unclassified_fallow
3401732,Unclassified_fallow
3401733,Unclassified_fallow
3401734,Other
3401735,Unclassified_fallow
3401736,Vineyards
3401737,Unclassified_fallow
3401738,Other
3401739,Other
3401748,Miscellaneous_grain_and_hay
3401751,Unclassified_fallow
3401752,Unclassified_fallow
3401755,Vineyards
3401757,Unclassified_fallow
3401760,Vineyards
3401764,Other
3401765,Vineyards
3401766,Unclassified_fallow
3401772,Unclassified_fallow
3401774,Unclassified_fallow
3401777,Vineyards
3401778,Unclassified_fallow
3401779,Other
3401787,Unclassified_fallow
3401788,Vineyards
3401790,Other
3401792,Other
3401793,Vineyards
3401795,Unclassified_fallow
3401798,Vineyards
3401800,Vineyards
3401801,Other
3401802,Vineyards
3401811,Miscellaneous_grain_and_hay
3401815,Vineyards
3401824,Unclassified_fallow
3401825,Other
3401832,Unclassified_fallow
3401837,Other
3401840,Unclassified_fallow
3401843,Vineyards
3401844,Unclassified_fallow
3401845,Vineyards
3401850,Vineyards
3401851,Unclassified_fallow
3401854,Miscellaneous_grain_and_hay
3401857,Unclassified_fallow
3401864,Unclassified_fallow
3401865,Other
3401876,Other
3401881,Unclassified_fallow
3401886,Vineyards
3401888,Vineyards
3401894,Unclassified_fallow
3401897,Vineyards
3401901,Unclassified_fallow
3401903,Vineyards
3401908,Vineyards
3401912,Vineyards
3401914,Vineyards
3401917,Vineyards
3401920,Unclassified_fallow
3401925,Unclassified_fallow
3401928,Vineyards
3401929,Vineyards
3401934,Unclassified_fallow
3401935,Miscellaneous_grain_and_hay
3402016,Unclassified_fallow
3402017,Unclassified_fallow
3402021,Unclassified_fallow
3402023,Vineyards
3402025,Unclassified_fallow
3402026,Vineyards
3402027,Vineyards
3402028,Vineyards
3402030,Vineyards
3402031,Unclassified_fallow
3402032,Unclassified_fallow
3402033,Unclassified_fallow
3402047,Vineyards
3402048,Unclassified_fallow
3402051,Unclassified_fallow
3402054,Vineyards
3402055,Vineyards
3402056,Vineyards
3402058,Unclassified_fallow
3402059,Unclassified_fallow
3402060,Unclassified_fallow
3402061,Unclassified_fallow
3402062,Unclassified_fallow
3402063,Unclassified_fallow
3402065,Other
3402066,Other
3402072,Unclassified_fallow
3402073,Unclassified_fallow
3402074,Unclassified_fallow
3402075,Vineyards
3402076,Unclassified_fallow
3402077,Vineyards
3402078,Vineyards
3402079,Vineyards
3402080,Other
3402082,Unclassified_fallow
3402083,Unclassified_fallow
3402084,Unclassified_fallow
3402087,Unclassified_fallow
3402090,Vineyards
3402091,Vineyards
3402092,Unclassified_fallow
3402093,Vineyards
3402094,Unclassified_fallow
3402095,Unclassified_fallow
3402096,Miscellaneous_grain_and_hay
3402097,Miscellaneous_grain_and_hay
3402098,Vineyards
3402099,Unclassified_fallow
3402101,Unclassified_fallow
3402103,Unclassified_fallow
3402104,Unclassified_fallow
3402105,Unclassified_fallow
3402106,Unclassified_fallow
3402107,Other
3402108,Other
3402109,Other
3402110,Other
3402111,Unclassified_fallow
3402112,Unclassified_fallow
3402113,Other
3402114,Unclassified_fallow
3402131,Unclassified_fallow
3402136,Unclassified_fallow
3402137,Unclassified_fallow
3402140,Unclassified_fallow
3402141,Other
3402147,Unclassified_fallow
3402159,Unclassified_fallow
3402161,Unclassified_fallow
3402162,Unclassified_fallow
3402164,Unclassified_fallow
3402165,Unclassified_fallow
3402167,Unclassified_fallow
3402168,Unclassified_fallow
3402169,Unclassified_fallow
3402172,Unclassified_fallow
3402173,Unclassified_fallow
3402174,Unclassified_fallow
3402175,Other
3402178,Unclassified_fallow
3402180,Unclassified_fallow
3402182,Unclassified_fallow
3402184,Unclassified_fallow
3402185,Unclassified_fallow
3402188,Unclassified_fallow
3402189,Other
3402191,Unclassified_fallow
3402198,Unclassified_fallow
3402207,Unclassified_fallow
3402210,Unclassified_fallow
3402211,Unclassified_fallow
3402214,Unclassified_fallow
3402215,Unclassified_fallow
3402216,Unclassified_fallow
3402218,Unclassified_fallow
3402222,Other
3402228,Unclassified_fallow
3402229,Unclassified_fallow
3402231,Unclassified_fallow
3402233,Unclassified_fallow
3402237,Unclassified_fallow
3402241,Unclassified_fallow
3402243,Unclassified_fallow
3402244,Unclassified_fallow
3402254,Unclassified_fallow
3402259,Unclassified_fallow
3402262,Unclassified_fallow
3402264,Unclassified_fallow
3402268,Unclassified_fallow
3402269,Unclassified_fallow
3402271,Unclassified_fallow
3402272,Unclassified_fallow
3402273,Unclassified_fallow
3402274,Unclassified_fallow
3402276,Other
3402278,Unclassified_fallow
3402279,Unclassified_fallow
3402281,Unclassified_fallow
3402282,Unclassified_fallow
3402283,Unclassified_fallow
3402284,Unclassified_fallow
3402286,Unclassified_fallow
3402289,Unclassified_fallow
3402291,Unclassified_fallow
3402296,Unclassified_fallow
3402297,Unclassified_fallow
3402299,Unclassified_fallow
3402300,Unclassified_fallow
3402301,Unclassified_fallow
3402302,Unclassified_fallow
3402309,Unclassified_fallow
3402310,Unclassified_fallow
3402315,Unclassified_fallow
3402321,Vineyards
3402322,Unclassified_fallow
3402323,Unclassified_fallow
3402325,Unclassified_fallow
3402327,Unclassified_fallow
3402329,Unclassified_fallow
3402331,Vineyards
3402333,Unclassified_fallow
3402339,Unclassified_fallow
3402341,Unclassified_fallow
3402345,Unclassified_fallow
3402349,Unclassified_fallow
3402350,Unclassified_fallow
3402356,Unclassified_fallow
3402361,Unclassified_fallow
3402365,Unclassified_fallow
3402367,Unclassified_fallow
3402373,Unclassified_fallow
3402374,Unclassified_fallow
3402375,Unclassified_fallow
3402378,Unclassified_fallow
3402380,Unclassified_fallow
3402383,Unclassified_fallow
3402384,Unclassified_fallow
3402385,Unclassified_fallow
3402388,Unclassified_fallow
3402390,Unclassified_fallow
3402392,Unclassified_fallow
3402393,Unclassified_fallow
3402396,Unclassified_fallow
3402397,Unclassified_fallow
3402399,Unclassified_fallow
3402400,Unclassified_fallow
3402408,Unclassified_fallow
3402412,Unclassified_fallow
3402413,Unclassified_fallow
3402414,Unclassified_fallow
3402416,Unclassified_fallow
3402418,Other
3402419,Vineyards
3402420,Unclassified_fallow
3402421,Unclassified_fallow
3402426,Unclassified_fallow
3402427,Unclassified_fallow
3402428,Unclassified_fallow
3402434,Vineyards
3402437,Vineyards
3402439,Other
3402442,Vineyards
3402447,Vineyards
3402452,Vineyards
3402453,Vineyards
3402454,Unclassified_fallow
3402458,Other
3402459,Vineyards
3402460,Vineyards
3402461,Unclassified_fallow
3402462,Vineyards
3402463,Vineyards
3402471,Vineyards
3402474,Unclassified_fallow
3402476,Other
3402478,Vineyards
3402480,Vineyards
3402482,Other
3402490,Vineyards
3402492,Vineyards
3402493,Vineyards
3402494,Vineyards
3402495,Vineyards
3402502,Vineyards
3402504,Unclassified_fallow
3402507,Vineyards
3402508,Other
3402516,Vineyards
3402518,Unclassified_fallow
3402519,Vineyards
3402524,Unclassified_fallow
3402526,Other
3402529,Unclassified_fallow
3402531,Vineyards
3402533,Vineyards
3402535,Vineyards
3402537,Unclassified_fallow
3402539,Other
3402544,Unclassified_fallow
3402545,Unclassified_fallow
3402549,Unclassified_fallow
3402554,Unclassified_fallow
3402555,Unclassified_fallow
3402556,Unclassified_fallow
3402560,Unclassified_fallow
3402563,Unclassified_fallow
3402564,Unclassified_fallow
3402566,Unclassified_fallow
3402569,Unclassified_fallow
3402572,Unclassified_fallow
3402576,Unclassified_fallow
3402579,Unclassified_fallow
3402580,Unclassified_fallow
3402582,Unclassified_fallow
3402586,Unclassified_fallow
3402587,Unclassified_fallow
3402591,Unclassified_fallow
3402595,Unclassified_fallow
3402599,Unclassified_fallow
3402606,Unclassified_fallow
3402607,Unclassified_fallow
3402611,Unclassified_fallow
3402612,Unclassified_fallow
3402614,Unclassified_fallow
3402615,Unclassified_fallow
3402617,Unclassified_fallow
3402619,Unclassified_fallow
3402620,Vineyards
3402621,Unclassified_fallow
3402622,Unclassified_fallow
3402623,Unclassified_fallow
3402624,Unclassified_fallow
3402626,Unclassified_fallow
3402627,Unclassified_fallow
3402632,Unclassified_fallow
3402639,Unclassified_fallow
3402642,Unclassified_fallow
3402644,Unclassified_fallow
3402645,Unclassified_fallow
3402648,Unclassified_fallow
3402650,Unclassified_fallow
3402652,Unclassified_fallow
3402657,Unclassified_fallow
3402658,Unclassified_fallow
3402659,Other
3402662,Other
3402664,Unclassified_fallow
3402666,Vineyards
3402667,Vineyards
3402670,Other
3402674,Vineyards
3402676,Vineyards
3402677,Vineyards
3402682,Vineyards
3402684,Other
3402692,Unclassified_fallow
3402694,Vineyards
3402697,Unclassified_fallow
3402700,Vineyards
3402703,Unclassified_fallow
3402705,Vineyards
3402706,Vineyards
3402707,Miscellaneous_grain_and_hay
3402708,Unclassified_fallow
3402711,Miscellaneous_grain_and_hay
3402712,Unclassified_fallow
3402716,Unclassified_fallow
3402717,Vineyards
3402724,Other
3402728,Vineyards
3402730,Vineyards
3402732,Unclassified_fallow
3402733,Vineyards
3402734,Vineyards
3402735,Vineyards
3402736,Vineyards
3402737,Unclassified_fallow
3402739,Vineyards
3402740,Vineyards
3402741,Vineyards
3402743,Unclassified_fallow
3402744,Vineyards
3402747,Vineyards
3402748,Vineyards
3402749,0
3402750,Vineyards
3402752,Unclassified_fallow
3402754,Unclassified_fallow
3402756,Unclassified_fallow
3402759,Unclassified_fallow
3402761,Unclassified_fallow
3402763,Other
3402767,Vineyards
3402768,Unclassified_fallow
3402771,Vineyards
3402772,Other
3402775,Vineyards
3402777,Other
3402779,Unclassified_fallow
3402780,Vineyards
3402782,Unclassified_fallow
3402786,Unclassified_fallow
3402788,Other
3402790,Other
3402792,Unclassified_fallow
3402796,Unclassified_fallow
3402797,Other
3402798,Miscellaneous_grain_and_hay
3402799,Unclassified_fallow
3402800,Other
3402801,Vineyards
3402802,Other
3402803,Unclassified_fallow
3402805,Miscellaneous_grain_and_hay
3402808,Unclassified_fallow
3402809,Other
3402810,Unclassified_fallow
3402812,Vineyards
3402814,Unclassified_fallow
3402815,Other
3402817,Vineyards
3402820,Vineyards
3402821,Unclassified_fallow
3402822,Unclassified_fallow
3402823,Unclassified_fallow
3402825,Unclassified_fallow
3402826,Unclassified_fallow
3402830,Unclassified_fallow
3402831,Miscellaneous_grain_and_hay
3402832,Unclassified_fallow
3402833,Unclassified_fallow
3402835,Unclassified_fallow
3402836,Unclassified_fallow
3402840,Unclassified_fallow
3402843,Miscellaneous_grain_and_hay
3402845,Unclassified_fallow
3402850,Unclassified_fallow
3402854,Unclassified_fallow
3402856,Unclassified_fallow
3402857,Other
3402858,Alfalfa_and_alfalfa_mixtures
3402862,Other
3402863,Vineyards
3402867,Vineyards
3402869,Vineyards
3402871,Unclassified_fallow
3402873,Vineyards
3402874,Vineyards
3402875,Unclassified_fallow
3402876,Miscellaneous_grain_and_hay
3402881,Unclassified_fallow
3402884,Vineyards
3402885,Unclassified_fallow
3402886,Unclassified_fallow
3402890,Unclassified_fallow
3402892,Unclassified_fallow
3402894,Unclassified_fallow
3402895,Other
3402896,Miscellaneous_grain_and_hay
3402902,Unclassified_fallow
3402904,Vineyards
3402911,Other
3402912,Unclassified_fallow
3402913,Unclassified_fallow
3402915,Unclassified_fallow
3402916,Other
3402917,Vineyards
3402919,Miscellaneous_grain_and_hay
3402920,Unclassified_fallow
3402921,Unclassified_fallow
3402923,Unclassified_fallow
3402925,Vineyards
3402926,Unclassified_fallow
3402929,Unclassified_fallow
3402930,Unclassified_fallow
3402932,Vineyards
3402934,Other
3402935,Unclassified_fallow
3402936,Vineyards
3402941,Unclassified_fallow
3402943,Unclassified_fallow
3402946,Vineyards
3402949,Vineyards
3402956,Unclassified_fallow
3402958,Miscellaneous_grain_and_hay
3402962,Vineyards
3402963,Unclassified_fallow
3402967,Miscellaneous_grain_and_hay
3402968,Vineyards
3402970,Vineyards
3402971,Unclassified_fallow
3402972,Vineyards
3402975,Unclassified_fallow
3402979,Vineyards
3402980,Unclassified_fallow
3402981,Unclassified_fallow
3402982,Vineyards
3402983,Unclassified_fallow
3402984,Unclassified_fallow
3402985,Unclassified_fallow
3402987,Unclassified_fallow
3402988,Miscellaneous_grain_and_hay
3402990,Unclassified_fallow
3402991,Unclassified_fallow
3402992,Vineyards
3402994,Unclassified_fallow
3402996,Unclassified_fallow
3402997,Unclassified_fallow
3402998,Vineyards
3402999,Other
3403000,Unclassified_fallow
3403001,Unclassified_fallow
3403002,Miscellaneous_grain_and_hay
3403003,Unclassified_fallow
3403007,Vineyards
3403010,Vineyards
3403012,Unclassified_fallow
3403013,Unclassified_fallow
3403015,Vineyards
3403018,Unclassified_fallow
3403025,Unclassified_fallow
3403027,Unclassified_fallow
3403028,Unclassified_fallow
3403035,Unclassified_fallow
3403039,Vineyards
3403040,Other
3403042,Unclassified_fallow
3403045,Vineyards
3403046,Unclassified_fallow
3403047,Vineyards
3403048,Unclassified_fallow
3403049,Unclassified_fallow
3403053,Other
3403054,Unclassified_fallow
3403055,Unclassified_fallow
3403056,Vineyards
3403059,Vineyards
3403061,Unclassified_fallow
3403064,Other
3403065,Unclassified_fallow
3403068,Unclassified_fallow
3403069,Unclassified_fallow
3403072,Unclassified_fallow
3403073,Miscellaneous_grain_and_hay
3403074,Unclassified_fallow
3403075,Unclassified_fallow
3403079,Unclassified_fallow
3403081,Unclassified_fallow
3403082,Unclassified_fallow
3403083,Unclassified_fallow
3403084,Unclassified_fallow
3403086,Unclassified_fallow
3403088,Unclassified_fallow
3403089,Unclassified_fallow
3403090,Unclassified_fallow
3403091,Vineyards
3403092,Other
3403094,Other
3403099,Unclassified_fallow
3403100,Unclassified_fallow
3403101,Other
3403102,Unclassified_fallow
3403105,Other
3403108,Miscellaneous_grain_and_hay
3403111,Unclassified_fallow
3403112,Vineyards
3403113,Unclassified_fallow
3403114,Other
3403116,Vineyards
3403117,Vineyards
3403119,Unclassified_fallow
3403121,Unclassified_fallow
3403122,Miscellaneous_grain_and_hay
3403123,Other
3403125,Miscellaneous_grain_and_hay
3403132,Vineyards
3403134,Unclassified_fallow
3403135,Unclassified_fallow
3403139,Unclassified_fallow
3403141,Vineyards
3403143,Unclassified_fallow
3403146,Vineyards
3403149,Unclassified_fallow
3403152,Vineyards
3403154,Vineyards
3403155,Unclassified_fallow
3403156,Vineyards
3403157,Unclassified_fallow
3403158,Miscellaneous_grain_and_hay
3403159,Unclassified_fallow
3403160,Unclassified_fallow
3403161,Unclassified_fallow
3403164,Unclassified_fallow
3403168,Other
3403169,Other
3403170,Unclassified_fallow
3403172,Unclassified_fallow
3403176,Vineyards
3403177,Unclassified_fallow
3403179,Vineyards
3403181,Vineyards
3403183,Vineyards
3403185,Unclassified_fallow
3403186,Unclassified_fallow
3403187,Unclassified_fallow
3403191,Vineyards
3403193,Vineyards
3403194,Other
3403195,Vineyards
3403197,Unclassified_fallow
3403199,Unclassified_fallow
3403200,Unclassified_fallow
3403201,Unclassified_fallow
3403202,Unclassified_fallow
3403203,Vineyards
3403205,Unclassified_fallow
3403206,Unclassified_fallow
3403208,Vineyards
3403210,Unclassified_fallow
3403212,Vineyards
3403213,Vineyards
3403215,Vineyards
3403216,Miscellaneous_grain_and_hay
3403217,Unclassified_fallow
3403223,Unclassified_fallow
3403225,Other
3403226,Unclassified_fallow
3403227,Unclassified_fallow
3403228,Vineyards
3403229,Vineyards
3403235,Vineyards
3403237,Vineyards
3403238,Vineyards
3403242,0
3403243,Other
3403244,Unclassified_fallow
3403250,Vineyards
3403251,Other
3403253,Unclassified_fallow
3403254,Unclassified_fallow
3403255,Unclassified_fallow
3403256,Miscellaneous_grain_and_hay
3403259,Vineyards
3403260,Miscellaneous_grain_and_hay
3403261,Other
3403263,Unclassified_fallow
3403264,Miscellaneous_grain_and_hay
3403266,Vineyards
3403268,Vineyards
3403271,Unclassified_fallow
3403273,Vineyards
3403274,Unclassified_fallow
3403276,Vineyards
3403277,Other
3403278,Vineyards
3403279,Unclassified_fallow
3403280,Vineyards
3403283,Other
3403287,Unclassified_fallow
3403288,Unclassified_fallow
3403292,Unclassified_fallow
3403294,Unclassified_fallow
3403298,Other
3403300,Vineyards
3403301,Unclassified_fallow
3403303,Unclassified_fallow
3403304,Vineyards
3403305,Vineyards
3403306,Vineyards
3403307,Vineyards
3403314,Other
3403316,Vineyards
3403320,Unclassified_fallow
3403322,Unclassified_fallow
3403324,Vineyards
3403325,Vineyards
3403327,Unclassified_fallow
3403329,Unclassified_fallow
3403335,Unclassified_fallow
3403337,Vineyards
3403342,Vineyards
3403345,Unclassified_fallow
3403346,Unclassified_fallow
3403347,Vineyards
3403353,Vineyards
3403356,Unclassified_fallow
3403357,Unclassified_fallow
3403358,Other
3403365,Vineyards
3403366,Unclassified_fallow
3403367,Unclassified_fallow
3403368,Vineyards
3403370,Vineyards
3403371,Vineyards
3403372,Other
3403373,Unclassified_fallow
3403374,Unclassified_fallow
3403375,Unclassified_fallow
3403378,Miscellaneous_grain_and_hay
3403380,Vineyards
3403381,Unclassified_fallow
3403383,Vineyards
3403384,Unclassified_fallow
3403386,Vineyards
3403387,Vineyards
3403388,Unclassified_fallow
3403389,Unclassified_fallow
3403390,Vineyards
3403392,Other
3403393,Unclassified_fallow
3403395,Unclassified_fallow
3403396,Vineyards
3403397,Unclassified_fallow
3403399,Unclassified_fallow
3403400,Vineyards
3403401,Unclassified_fallow
3403404,Unclassified_fallow
3403407,Vineyards
3403408,Vineyards
3403409,Unclassified_fallow
3403415,Unclassified_fallow
3403417,Unclassified_fallow
3403419,Vineyards
3403420,Vineyards
3403422,Vineyards
3403423,Unclassified_fallow
3403424,Unclassified_fallow
3403426,Miscellaneous_grain_and_hay
3403427,Unclassified_fallow
3403428,Unclassified_fallow
3403430,Unclassified_fallow
3403435,Vineyards
3403437,Unclassified_fallow
3403440,Unclassified_fallow
3403441,Unclassified_fallow
3403442,Unclassified_fallow
3403443,Unclassified_fallow
3403444,Unclassified_fallow
3403445,Vineyards
3403447,Unclassified_fallow
3403448,Unclassified_fallow
3403452,Other
3403453,Other
3403454,Unclassified_fallow
3403455,Unclassified_fallow
3403458,Vineyards
3403459,Unclassified_fallow
3403461,Unclassified_fallow
3403463,Unclassified_fallow
3403464,Vineyards
3403470,Other
3403471,Vineyards
3403476,Other
3403477,Vineyards
3403481,Unclassified_fallow
3403482,Unclassified_fallow
3403483,Unclassified_fallow
3403485,Vineyards
3403486,Vineyards
3403487,Unclassified_fallow
3403488,Unclassified_fallow
3403490,Unclassified_fallow
3403491,Unclassified_fallow
3403492,Vineyards
3403498,Unclassified_fallow
3403499,Unclassified_fallow
3403501,Unclassified_fallow
3403507,Unclassified_fallow
3403512,Unclassified_fallow
3403514,Miscellaneous_grain_and_hay
3403515,Unclassified_fallow
3403516,Other
3403517,Vineyards
3403518,Unclassified_fallow
3403519,Unclassified_fallow
3403520,Unclassified_fallow
3403521,Unclassified_fallow
3403522,Unclassified_fallow
3403530,Unclassified_fallow
3403531,Unclassified_fallow
3403534,Unclassified_fallow
3403536,Unclassified_fallow
3403537,Unclassified_fallow
3403538,Miscellaneous_grain_and_hay
3403539,Vineyards
3403540,Unclassified_fallow
3403544,Other
3403545,Unclassified_fallow
3403548,Vineyards
3403552,Unclassified_fallow
3403553,Miscellaneous_grain_and_hay
3403555,Unclassified_fallow
3403558,Unclassified_fallow
3403559,Vineyards
3403562,Miscellaneous_grain_and_hay
3403564,Unclassified_fallow
3403570,Unclassified_fallow
3403571,Unclassified_fallow
3403574,Vineyards
3403575,Other
3403576,Other
3403577,Unclassified_fallow
3403580,Other
3403581,Unclassified_fallow
3403582,Unclassified_fallow
3403584,Vineyards
3403585,Other
3403589,Unclassified_fallow
3403590,Unclassified_fallow
3403593,Unclassified_fallow
3403595,Unclassified_fallow
3403598,Unclassified_fallow
3403600,Unclassified_fallow
3403602,Other
3403603,Unclassified_fallow
3403604,Unclassified_fallow
3403606,Miscellaneous_grain_and_hay
3403607,Unclassified_fallow
3403608,Vineyards
3403610,Vineyards
3403611,Miscellaneous_grain_and_hay
3403612,Vineyards
3403613,Unclassified_fallow
3403614,Vineyards
3403615,Unclassified_fallow
3403618,Vineyards
3403619,Unclassified_fallow
3403620,Miscellaneous_grain_and_hay
3403622,Vineyards
3403623,Vineyards
3403625,Unclassified_fallow
3403626,Vineyards
3403628,Unclassified_fallow
3403629,Unclassified_fallow
3403633,Unclassified_fallow
3403634,Vineyards
3403635,Miscellaneous_grain_and_hay
3403637,Unclassified_fallow
3403638,Vineyards
3403639,Unclassified_fallow
3403641,Vineyards
3403642,Unclassified_fallow
3403645,Vineyards
3403649,Unclassified_fallow
3403650,Other
3403653,Unclassified_fallow
3403655,Miscellaneous_grain_and_hay
3403656,0
3403657,Vineyards
3403658,Vineyards
3403663,Unclassified_fallow
3403664,Miscellaneous_grain_and_hay
3403665,Unclassified_fallow
3403666,Vineyards
3403668,Unclassified_fallow
3403672,Unclassified_fallow
3403679,Unclassified_fallow
3403681,Miscellaneous_grain_and_hay
3403682,Unclassified_fallow
3403683,Other
3403691,Miscellaneous_grain_and_hay
3403692,Vineyards
3403693,Other
3403694,Alfalfa_and_alfalfa_mixtures
3403699,Unclassified_fallow
3403700,Unclassified_fallow
3403702,Vineyards
3403704,Unclassified_fallow
3403705,Other
3403706,Vineyards
3403707,Vineyards
3403708,Miscellaneous_grain_and_hay
3403711,Miscellaneous_grain_and_hay
3403714,Unclassified_fallow
3403715,Vineyards
3403717,Other
3403719,Vineyards
3403722,Vineyards
3403724,Unclassified_fallow
3403726,Vineyards
3403727,Other
3403728,Vineyards
3403732,Unclassified_fallow
3403741,Vineyards
3403742,Vineyards
3403747,Unclassified_fallow
3403749,Unclassified_fallow
3403754,Unclassified_fallow
3403755,Miscellaneous_grain_and_hay
3403757,Vineyards
3403759,Vineyards
3403760,Unclassified_fallow
3403767,Vineyards
3403768,Other
3403769,Vineyards
3403770,Unclassified_fallow
3403776,Unclassified_fallow
3403778,Other
3403780,Unclassified_fallow
3403782,Unclassified_fallow
3403783,Unclassified_fallow
3403786,Vineyards
3403788,Vineyards
3403790,Unclassified_fallow
3403791,Unclassified_fallow
3403792,Vineyards
3403793,Unclassified_fallow
3403795,Unclassified_fallow
3403796,Vineyards
3403798,Miscellaneous_grain_and_hay
3403799,Unclassified_fallow
3403802,Unclassified_fallow
3403803,Vineyards
3403804,Unclassified_fallow
3403806,Miscellaneous_grain_and_hay
3403810,Unclassified_fallow
3403812,Other
3403813,Unclassified_fallow
3403814,Vineyards
3403815,Unclassified_fallow
3403817,Unclassified_fallow
3403821,Other
3403822,Unclassified_fallow
3403826,Vineyards
3403827,Other
3403831,Vineyards
3403832,Unclassified_fallow
3403833,Unclassified_fallow
3403837,Unclassified_fallow
3403840,Unclassified_fallow
3403843,Miscellaneous_grain_and_hay
3403844,Unclassified_fallow
3403846,Unclassified_fallow
3403848,Vineyards
3403849,Unclassified_fallow
3403850,Unclassified_fallow
3403855,Vineyards
3403858,Unclassified_fallow
3403860,Vineyards
3403861,Unclassified_fallow
3403866,Vineyards
3403867,Unclassified_fallow
3403869,Unclassified_fallow
3403871,Unclassified_fallow
3403872,Vineyards
3403873,Vineyards
3403874,Unclassified_fallow
3403875,Unclassified_fallow
3403876,Vineyards
3403878,Unclassified_fallow
3403880,Vineyards
3403882,Unclassified_fallow
3403883,Vineyards
3403885,Other
3403886,Unclassified_fallow
3403887,Unclassified_fallow
3403889,Unclassified_fallow
3403890,Vineyards
3403891,Unclassified_fallow
3403894,Vineyards
3403897,Other
3403898,Other
3403900,Miscellaneous_grain_and_hay
3403901,Unclassified_fallow
3403902,Miscellaneous_grain_and_hay
3403903,Unclassified_fallow
3403904,Other
3403905,Vineyards
3403907,Vineyards
3403908,Unclassified_fallow
3403909,Vineyards
3403910,Unclassified_fallow
3403912,Vineyards
3403914,Unclassified_fallow
3403915,Vineyards
3403916,Miscellaneous_grain_and_hay
3403922,Unclassified_fallow
3403923,Unclassified_fallow
3403926,Unclassified_fallow
3403928,Other
3403929,Miscellaneous_grain_and_hay
3403931,Unclassified_fallow
3403932,Unclassified_fallow
3403933,Miscellaneous_grain_and_hay
3403934,Miscellaneous_grain_and_hay
3403938,Vineyards
3403941,Vineyards
3403944,Miscellaneous_grain_and_hay
3403945,Other
3403947,Miscellaneous_grain_and_hay
3403949,Unclassified_fallow
3403950,Miscellaneous_grain_and_hay
3403953,Vineyards
3403954,Unclassified_fallow
3403960,Unclassified_fallow
3403966,Vineyards
3403974,Vineyards
3403976,Miscellaneous_grain_and_hay
3403979,Vineyards
3403981,Vineyards
3403982,Vineyards
3403989,Vineyards
3403990,Miscellaneous_grain_and_hay
3403991,Miscellaneous_grain_and_hay
3403992,Vineyards
3403994,Unclassified_fallow
3403995,Unclassified_fallow
3403997,Unclassified_fallow
3403998,Unclassified_fallow
3404000,Unclassified_fallow
3404008,Vineyards
3404009,Vineyards
3404010,Unclassified_fallow
3404011,Miscellaneous_grain_and_hay
3404014,Unclassified_fallow
3404025,Unclassified_fallow
3404031,Unclassified_fallow
3404033,Unclassified_fallow
3404035,Unclassified_fallow
3404036,Unclassified_fallow
3404037,Other
3404038,Unclassified_fallow
3404039,Unclassified_fallow
3404048,Other
3404049,Miscellaneous_grain_and_hay
3404055,Unclassified_fallow
3404056,Vineyards
3404059,Vineyards
3404061,Vineyards
3404062,Unclassified_fallow
3404063,Vineyards
3404064,Vineyards
3404066,Vineyards
3404067,Unclassified_fallow
3404068,Unclassified_fallow
3404070,Unclassified_fallow
3404071,Vineyards
3404072,Vineyards
3404073,Unclassified_fallow
3404074,Vineyards
3404075,Unclassified_fallow
3404077,Vineyards
3404078,Unclassified_fallow
3404080,Vineyards
3404084,Unclassified_fallow
3404085,Unclassified_fallow
3404086,Vineyards
3404088,Vineyards
3404090,Vineyards
3404091,Other
3404095,Other
3404097,Other
3404098,Unclassified_fallow
3404099,Unclassified_fallow
3404100,Unclassified_fallow
3404101,Vineyards
3404104,Vineyards
3404106,Vineyards
3404107,Miscellaneous_grain_and_hay
3404109,Vineyards
3404114,Vineyards
3404119,Unclassified_fallow
3404121,Unclassified_fallow
3404123,Unclassified_fallow
3404125,Unclassified_fallow
3404126,Unclassified_fallow
3404127,Unclassified_fallow
3404130,Unclassified_fallow
3404131,Vineyards
3404132,Vineyards
3404133,Other
3404136,Vineyards
3404138,Unclassified_fallow
3404139,Vineyards
3404141,Vineyards
3404142,Vineyards
3404144,Vineyards
3404145,Vineyards
3404146,Unclassified_fallow
3404147,Vineyards
3404149,Vineyards
3404150,Unclassified_fallow
3404151,Vineyards
3404157,Vineyards
3404158,0
3404159,Miscellaneous_grain_and_hay
3404166,Vineyards
3404167,Other
3404168,Vineyards
3404169,Unclassified_fallow
3404171,Vineyards
3404173,Unclassified_fallow
3404174,Vineyards
3404176,Unclassified_fallow
3404177,Vineyards
3404178,Vineyards
3404179,Vineyards
3404180,Unclassified_fallow
3404181,Unclassified_fallow
3404184,Vineyards
3404187,Vineyards
3404188,Vineyards
3404190,Miscellaneous_grain_and_hay
3404191,Unclassified_fallow
3404193,Unclassified_fallow
3404194,Unclassified_fallow
3404199,Unclassified_fallow
3404201,Vineyards
3404203,Other
3404204,Unclassified_fallow
3404205,Unclassified_fallow
3404208,Miscellaneous_grain_and_hay
3404209,Unclassified_fallow
3404210,Unclassified_fallow
3404211,Unclassified_fallow
3404213,Miscellaneous_grain_and_hay
3404215,Vineyards
3404217,Vineyards
3404218,Unclassified_fallow
3404219,Unclassified_fallow
3404220,Unclassified_fallow
3404221,Unclassified_fallow
3404223,Unclassified_fallow
3404225,Vineyards
3404226,Unclassified_fallow
3404229,Vineyards
3404230,Unclassified_fallow
3404233,Unclassified_fallow
3404234,Unclassified_fallow
3404236,Unclassified_fallow
3404238,Unclassified_fallow
3404242,Unclassified_fallow
3404243,Unclassified_fallow
3404248,Unclassified_fallow
3404249,Vineyards
3404253,Vineyards
3404257,Unclassified_fallow
3404259,Unclassified_fallow
3404260,Other
3404262,Unclassified_fallow
3404265,Unclassified_fallow
3404266,Other
3404269,Unclassified_fallow
3404272,Unclassified_fallow
3404274,Vineyards
3404275,Vineyards
3404280,Unclassified_fallow
3404281,Vineyards
3404282,Vineyards
3404284,Unclassified_fallow
3404286,Other
3404287,Unclassified_fallow
3404288,Other
3404289,Vineyards
3404290,Vineyards
3404293,Unclassified_fallow
3404294,Vineyards
3404295,Vineyards
3404297,Unclassified_fallow
3404298,Miscellaneous_grain_and_hay
3404300,Other
3404301,Vineyards
3404308,Unclassified_fallow
3404310,Unclassified_fallow
3404312,Unclassified_fallow
3404313,Unclassified_fallow
3404316,Vineyards
3404321,Vineyards
3404325,Unclassified_fallow
3404326,Vineyards
3404327,Vineyards
3404328,Vineyards
3404331,Unclassified_fallow
3404332,Unclassified_fallow
3404335,Vineyards
3404337,Unclassified_fallow
3404339,Unclassified_fallow
3404340,Unclassified_fallow
3404341,Unclassified_fallow
3404342,Other
3404343,Unclassified_fallow
3404344,Vineyards
3404346,Unclassified_fallow
3404349,Vineyards
3404350,Unclassified_fallow
3404351,Vineyards
3404355,Vineyards
3404356,Vineyards
3404360,Unclassified_fallow
3404363,Vineyards
3404366,Unclassified_fallow
3404367,Vineyards
3404370,Vineyards
3404371,Unclassified_fallow
3404374,Vineyards
3404378,Unclassified_fallow
3404379,Vineyards
3404380,Miscellaneous_grain_and_hay
3404381,Other
3404383,Unclassified_fallow
3404387,Other
3404389,Unclassified_fallow
3404390,Unclassified_fallow
3404393,Unclassified_fallow
3404394,Unclassified_fallow
3404395,Unclassified_fallow
3404397,Unclassified_fallow
3404399,Vineyards
3404400,Unclassified_fallow
3404401,Vineyards
3404402,Vineyards
3404403,Vineyards
3404406,Unclassified_fallow
3404410,Unclassified_fallow
3404412,Unclassified_fallow
3404413,Unclassified_fallow
3404414,Unclassified_fallow
3404416,Vineyards
3404417,Vineyards
3404418,Unclassified_fallow
3404419,Unclassified_fallow
3404422,Other
3404423,Unclassified_fallow
3404426,Vineyards
3404427,Unclassified_fallow
3404429,Unclassified_fallow
3404430,Unclassified_fallow
3404431,Miscellaneous_grain_and_hay
3404434,Miscellaneous_grain_and_hay
3404436,Unclassified_fallow
3404437,Miscellaneous_grain_and_hay
3404439,Vineyards
3404441,Unclassified_fallow
3404442,Unclassified_fallow
3404444,Vineyards
3404445,Vineyards
3404448,Vineyards
3404449,Vineyards
3404450,Vineyards
3404452,Vineyards
3404453,Miscellaneous_grain_and_hay
3404454,Vineyards
3404455,Vineyards
3404460,Vineyards
3404462,Other
3404463,Unclassified_fallow
3404467,Vineyards
3404468,Other
3404470,Miscellaneous_grain_and_hay
3404471,Vineyards
3404472,Vineyards
3404473,Unclassified_fallow
3404474,Unclassified_fallow
3404477,Other
3404478,Unclassified_fallow
3404480,Vineyards
3404481,Unclassified_fallow
3404483,Vineyards
3404485,Unclassified_fallow
3404487,Unclassified_fallow
3404488,Unclassified_fallow
3404489,Unclassified_fallow
3404491,Vineyards
3404492,Unclassified_fallow
3404493,Unclassified_fallow
3404494,Vineyards
3404496,Unclassified_fallow
3404497,Vineyards
3404500,Unclassified_fallow
3404501,Miscellaneous_grain_and_hay
3404502,Unclassified_fallow
3404503,Unclassified_fallow
3404504,Vineyards
3404508,Vineyards
3404509,Other
3404510,Unclassified_fallow
3404513,Unclassified_fallow
3404515,Unclassified_fallow
3404519,Unclassified_fallow
3404520,Vineyards
3404521,Unclassified_fallow
3404523,Unclassified_fallow
3404524,Vineyards
3404526,Unclassified_fallow
3404527,Unclassified_fallow
3404529,Unclassified_fallow
3404532,Unclassified_fallow
3404533,Unclassified_fallow
3404536,Unclassified_fallow
3404537,Unclassified_fallow
3404539,Unclassified_fallow
3404540,Unclassified_fallow
3404542,Vineyards
3404543,Vineyards
3404544,Unclassified_fallow
3404547,Vineyards
3404549,Unclassified_fallow
3404550,Unclassified_fallow
3404551,Vineyards
3404553,Vineyards
3404555,Unclassified_fallow
3404556,Vineyards
3404557,Other
3404558,Unclassified_fallow
3404559,Unclassified_fallow
3404560,Miscellaneous_grain_and_hay
3404567,Vineyards
3404568,Vineyards
3404569,Unclassified_fallow
3404573,Vineyards
3404575,Vineyards
3404576,Unclassified_fallow
3404577,Miscellaneous_grain_and_hay
3404579,Unclassified_fallow
3404583,Vineyards
3404589,Unclassified_fallow
3404591,Unclassified_fallow
3404592,Vineyards
3404595,Unclassified_fallow
3404598,Unclassified_fallow
3404599,Vineyards
3404604,Unclassified_fallow
3404606,Vineyards
3404609,Vineyards
3404610,Unclassified_fallow
3404617,Vineyards
3404618,Vineyards
3404619,Unclassified_fallow
3404623,Unclassified_fallow
3404624,Vineyards
3404625,Vineyards
3404629,Vineyards
3404630,Unclassified_fallow
3404632,Unclassified_fallow
3404634,Unclassified_fallow
3404636,Unclassified_fallow
3404637,Vineyards
3404638,Unclassified_fallow
3404639,Vineyards
3404640,Vineyards
3404641,Vineyards
3404643,Other
3404646,Unclassified_fallow
3404647,Unclassified_fallow
3404648,Vineyards
3404654,Other
3404656,Unclassified_fallow
3404657,Unclassified_fallow
3404659,Unclassified_fallow
3404661,Unclassified_fallow
3404663,Unclassified_fallow
3404664,Unclassified_fallow
3404669,Unclassified_fallow
3404670,Unclassified_fallow
3404673,Unclassified_fallow
3404678,Unclassified_fallow
3404679,Unclassified_fallow
3404682,Unclassified_fallow
3404685,Other
3404688,Unclassified_fallow
3404693,Unclassified_fallow
3404696,Vineyards
3404700,Unclassified_fallow
3404703,Other
3404704,Unclassified_fallow
3404706,Vineyards
3404707,Vineyards
3404709,Vineyards
3404712,Unclassified_fallow
3404713,Unclassified_fallow
3404715,Vineyards
3404724,Unclassified_fallow
3404725,Unclassified_fallow
3404732,Vineyards
3404735,Vineyards
3404737,Vineyards
3404739,Unclassified_fallow
3404742,Unclassified_fallow
3404743,Other
3404745,Unclassified_fallow
3404747,Other
3404749,Unclassified_fallow
3404751,Vineyards
3404752,Unclassified_fallow
3404753,Unclassified_fallow
3404754,Unclassified_fallow
3404755,Other
3404756,Unclassified_fallow
3404758,Unclassified_fallow
3404760,Vineyards
3404761,Vineyards
3404763,Vineyards
3404764,Unclassified_fallow
3404765,Unclassified_fallow
3404770,Unclassified_fallow
3404774,Vineyards
3404779,Unclassified_fallow
3404781,Unclassified_fallow
3404784,Unclassified_fallow
3404785,Unclassified_fallow
3404786,Unclassified_fallow
3404787,Vineyards
3404791,Unclassified_fallow
3404794,Other
3404795,Unclassified_fallow
3404796,Vineyards
3404798,Unclassified_fallow
3404799,Unclassified_fallow
3404803,Unclassified_fallow
3404806,Unclassified_fallow
3404809,Vineyards
3404810,Vineyards
3404812,Vineyards
3404813,Vineyards
3404814,Vineyards
3404815,Unclassified_fallow
3404822,Other
3404824,Vineyards
3404826,Unclassified_fallow
3404827,Miscellaneous_grain_and_hay
3404828,Unclassified_fallow
3404829,Unclassified_fallow
3404832,Vineyards
3404836,Vineyards
3404841,Vineyards
3404845,Unclassified_fallow
3404851,Unclassified_fallow
3404852,Unclassified_fallow
3404853,Unclassified_fallow
3404855,Unclassified_fallow
3404857,Miscellaneous_grain_and_hay
3404858,Vineyards
3404859,Vineyards
3404861,Vineyards
3404862,Unclassified_fallow
3404863,Unclassified_fallow
3404865,Unclassified_fallow
3404867,Unclassified_fallow
3404868,Unclassified_fallow
3404869,Other
3404870,Vineyards
3404871,Unclassified_fallow
3404872,Unclassified_fallow
3404873,Unclassified_fallow
3404875,Unclassified_fallow
3404878,Unclassified_fallow
3404881,Vineyards
3404882,Vineyards
3404883,Other
3404884,Vineyards
3404885,Other
3404886,Vineyards
3404887,Vineyards
3404893,Vineyards
3404894,Unclassified_fallow
3404897,Unclassified_fallow
3404898,Unclassified_fallow
3404899,Vineyards
3404901,Unclassified_fallow
3404902,Vineyards
3404904,Vineyards
3404908,Vineyards
3404909,Unclassified_fallow
3404910,Vineyards
3404911,Unclassified_fallow
3404915,Vineyards
3404917,Vineyards
3404918,Unclassified_fallow
3404922,Vineyards
3404923,Unclassified_fallow
3404924,Vineyards
3404926,Unclassified_fallow
3404928,Miscellaneous_grain_and_hay
3404929,Unclassified_fallow
3404935,Miscellaneous_grain_and_hay
3404937,Unclassified_fallow
3404938,Unclassified_fallow
3404939,Unclassified_fallow
3404941,Vineyards
3404942,Unclassified_fallow
3404943,Unclassified_fallow
3404944,Vineyards
3404945,Vineyards
3404948,Unclassified_fallow
3404953,Miscellaneous_grain_and_hay
3404954,Vineyards
3404955,Unclassified_fallow
3404956,Unclassified_fallow
3404957,Vineyards
3404958,Vineyards
3404960,Unclassified_fallow
3404961,Unclassified_fallow
3404962,Vineyards
3404963,Vineyards
3404964,Unclassified_fallow
3404965,Unclassified_fallow
3404966,Vineyards
3404970,Vineyards
3404972,Unclassified_fallow
3404973,Unclassified_fallow
3404975,Unclassified_fallow
3404978,Vineyards
3404980,Unclassified_fallow
3404981,Unclassified_fallow
3404982,Unclassified_fallow
3404984,Unclassified_fallow
3404985,Unclassified_fallow
3404987,Unclassified_fallow
3404995,Unclassified_fallow
3404996,Unclassified_fallow
3404997,Unclassified_fallow
3404999,Vineyards
3405000,Unclassified_fallow
3405001,Vineyards
3405004,Vineyards
3405005,Unclassified_fallow
3405009,Unclassified_fallow
3405022,Unclassified_fallow
3405023,Vineyards
3405024,Vineyards
3405025,Unclassified_fallow
3405026,Unclassified_fallow
3405030,Vineyards
3405031,Unclassified_fallow
3405034,Vineyards
3405035,Vineyards
3405038,Vineyards
3405039,Unclassified_fallow
3405040,Unclassified_fallow
3405042,Unclassified_fallow
3405045,Unclassified_fallow
3405050,Unclassified_fallow
3405051,Vineyards
3405053,Vineyards
3405056,Unclassified_fallow
3405058,Other
3405059,Unclassified_fallow
3405060,Vineyards
3405061,Vineyards
3405064,Unclassified_fallow
3405065,Vineyards
3405066,Other
3405067,Miscellaneous_grain_and_hay
3405068,Vineyards
3405069,Unclassified_fallow
3405071,Miscellaneous_grain_and_hay
3405073,Vineyards
3405077,Other
3405080,Unclassified_fallow
3405082,Unclassified_fallow
3405083,Unclassified_fallow
3405084,Other
3405091,Unclassified_fallow
3405098,Vineyards
3405101,Vineyards
3405102,Unclassified_fallow
3405106,Vineyards
3405107,Vineyards
3405108,Unclassified_fallow
3405111,Miscellaneous_grain_and_hay
3405114,Vineyards
3405117,Vineyards
3405119,Unclassified_fallow
3405121,Unclassified_fallow
3405124,Unclassified_fallow
3405125,Other
3405126,Vineyards
3405128,Unclassified_fallow
3405132,Miscellaneous_grain_and_hay
3405133,Vineyards
3405134,Vineyards
3405137,Unclassified_fallow
3405141,Unclassified_fallow
3405142,Other
3405144,Vineyards
3405145,Vineyards
3405149,Unclassified_fallow
3405150,Other
3405151,Unclassified_fallow
3405153,Vineyards
3405155,Unclassified_fallow
3405156,Unclassified_fallow
3405157,Other
3405165,Unclassified_fallow
3405166,Unclassified_fallow
3405168,Unclassified_fallow
3405169,Vineyards
3405170,Vineyards
3405171,Unclassified_fallow
3405175,Other
3405176,Other
3405177,Unclassified_fallow
3405178,Unclassified_fallow
3405181,Vineyards
3405182,Unclassified_fallow
3405183,Miscellaneous_grain_and_hay
3405185,Unclassified_fallow
3405186,Vineyards
3405188,Unclassified_fallow
3405189,Vineyards
3405190,Unclassified_fallow
3405192,Unclassified_fallow
3405193,Unclassified_fallow
3405195,Other
3405197,Unclassified_fallow
3405198,Vineyards
3405199,Unclassified_fallow
3405200,Miscellaneous_grain_and_hay
3405202,Other
3405203,Vineyards
3405206,Unclassified_fallow
3405207,Vineyards
3405209,Unclassified_fallow
3405211,Unclassified_fallow
3405212,Miscellaneous_grain_and_hay
3405213,Unclassified_fallow
3405216,Vineyards
3405217,Other
3405218,Unclassified_fallow
3405219,Unclassified_fallow
3405221,Unclassified_fallow
3405223,Unclassified_fallow
3405225,Vineyards
3405226,Unclassified_fallow
3405227,Unclassified_fallow
3405228,Vineyards
3405229,Unclassified_fallow
3405231,Miscellaneous_grain_and_hay
3405232,Vineyards
3405241,Other
3405245,Unclassified_fallow
3405246,Vineyards
3405249,Miscellaneous_grain_and_hay
3405250,Unclassified_fallow
3405251,Vineyards
3405252,Vineyards
3405253,Unclassified_fallow
3405254,Unclassified_fallow
3405255,Unclassified_fallow
3405256,0
3405257,Unclassified_fallow
3405258,Unclassified_fallow
3405262,Unclassified_fallow
3405265,Vineyards
3405266,Vineyards
3405267,Unclassified_fallow
3405269,Other
3405274,Unclassified_fallow
3405275,Vineyards
3405278,Other
3405280,Unclassified_fallow
3405281,Unclassified_fallow
3405284,Unclassified_fallow
3405286,Unclassified_fallow
3405288,Unclassified_fallow
3405293,Unclassified_fallow
3405295,Unclassified_fallow
3405296,Vineyards
3405298,Unclassified_fallow
3405299,Unclassified_fallow
3405301,Unclassified_fallow
3405302,Vineyards
3405303,Unclassified_fallow
3405305,Unclassified_fallow
3405313,Vineyards
3405314,Unclassified_fallow
3405315,Miscellaneous_grain_and_hay
3405316,Vineyards
3405318,Vineyards
3405319,Unclassified_fallow
3405325,Unclassified_fallow
3405327,Miscellaneous_grain_and_hay
3405329,Unclassified_fallow
3405335,Vineyards
3405337,Vineyards
3405340,Unclassified_fallow
3405343,Unclassified_fallow
3405344,Unclassified_fallow
3405345,Unclassified_fallow
3405352,Unclassified_fallow
3405353,Unclassified_fallow
3405354,Vineyards
3405357,Unclassified_fallow
3405359,Unclassified_fallow
3405361,Unclassified_fallow
3405362,Vineyards
3405366,Vineyards
3405368,Unclassified_fallow
3405369,Miscellaneous_grain_and_hay
3405372,Miscellaneous_grain_and_hay
3405374,Unclassified_fallow
3405377,Unclassified_fallow
3405378,Unclassified_fallow
3405383,Unclassified_fallow
3405384,Unclassified_fallow
3405386,Unclassified_fallow
3405392,Unclassified_fallow
3405393,Miscellaneous_grain_and_hay
3405394,Vineyards
3405395,Unclassified_fallow
3405396,Unclassified_fallow
3405397,Miscellaneous_grain_and_hay
3405400,Unclassified_fallow
3405403,Other
3405408,Vineyards
3405409,Other
3405410,Vineyards
3405411,Unclassified_fallow
3405412,Unclassified_fallow
3405413,Vineyards
3405415,Other
3405419,Unclassified_fallow
3405420,Unclassified_fallow
3405422,Vineyards
3405424,Unclassified_fallow
3405425,Unclassified_fallow
3405427,Miscellaneous_grain_and_hay
3405428,Unclassified_fallow
3405430,Unclassified_fallow
3405431,Vineyards
3405435,Unclassified_fallow
3405438,Unclassified_fallow
3405440,Vineyards
3405442,Unclassified_fallow
3405445,Vineyards
3405446,Other
3405447,Unclassified_fallow
3405452,Vineyards
3405454,Vineyards
3405455,Vineyards
3405456,Unclassified_fallow
3405458,Unclassified_fallow
3405459,Vineyards
3405460,Unclassified_fallow
3405461,Unclassified_fallow
3405462,Vineyards
3405464,Other
3405468,Unclassified_fallow
3405470,Vineyards
3405472,Miscellaneous_grain_and_hay
3405473,Other
3405475,Unclassified_fallow
3405477,Unclassified_fallow
3405478,Vineyards
3405479,Unclassified_fallow
3405481,Other
3405483,Unclassified_fallow
3405485,Vineyards
3405491,Miscellaneous_grain_and_hay
3405492,Unclassified_fallow
3405493,Unclassified_fallow
3405494,Other
3405496,Vineyards
3405497,Unclassified_fallow
3405498,Unclassified_fallow
3405499,Vineyards
3405502,Unclassified_fallow
3405506,Unclassified_fallow
3405510,Vineyards
3405512,Unclassified_fallow
3405516,Unclassified_fallow
3405517,Unclassified_fallow
3405518,Unclassified_fallow
3405520,Other
3405521,Unclassified_fallow
3405525,Miscellaneous_grain_and_hay
3405527,Unclassified_fallow
3405530,Unclassified_fallow
3405536,Vineyards
3405537,Unclassified_fallow
3405539,Unclassified_fallow
3405543,Unclassified_fallow
3405544,Other
3405546,Unclassified_fallow
3405548,Unclassified_fallow
3405549,Unclassified_fallow
3405550,Unclassified_fallow
3405552,Vineyards
3405554,Unclassified_fallow
3405555,Unclassified_fallow
3405558,Vineyards
3405560,Unclassified_fallow
3405563,Vineyards
3405568,Miscellaneous_grain_and_hay
3405573,Vineyards
3405574,Vineyards
3405575,Other
3405576,Unclassified_fallow
3405579,Vineyards
3405580,Vineyards
3405583,Other
3405586,Unclassified_fallow
3405587,Unclassified_fallow
3405589,Unclassified_fallow
3405590,Unclassified_fallow
3405591,Vineyards
3405593,Unclassified_fallow
3405598,Miscellaneous_grain_and_hay
3405599,Unclassified_fallow
3405600,Vineyards
3405602,Other
3405608,Unclassified_fallow
3405612,Unclassified_fallow
3405613,Unclassified_fallow
3405615,Other
3405619,Unclassified_fallow
3405620,Vineyards
3405621,Vineyards
3405622,Unclassified_fallow
3405624,Unclassified_fallow
3405626,Vineyards
3405627,Unclassified_fallow
3405628,Vineyards
3405629,Unclassified_fallow
3405630,Miscellaneous_grain_and_hay
3405632,Unclassified_fallow
3405635,Unclassified_fallow
3405636,Unclassified_fallow
3405637,Vineyards
3405639,Vineyards
3405641,Unclassified_fallow
3405645,Unclassified_fallow
3405646,Unclassified_fallow
3405647,Unclassified_fallow
3405649,Unclassified_fallow
3405651,Unclassified_fallow
3405652,Vineyards
3405654,Vineyards
3405656,Unclassified_fallow
3405658,Unclassified_fallow
3405661,Miscellaneous_grain_and_hay
3405664,Unclassified_fallow
3405665,Unclassified_fallow
3405668,Unclassified_fallow
3405669,Unclassified_fallow
3405670,Vineyards
3405674,Vineyards
3405675,Unclassified_fallow
3405679,Other
3405685,Unclassified_fallow
3405687,Unclassified_fallow
3405688,Unclassified_fallow
3405690,Vineyards
3405691,Vineyards
3405692,Other
3405693,Unclassified_fallow
3405694,Vineyards
3405696,Unclassified_fallow
3405697,Vineyards
3405698,Unclassified_fallow
3405700,Vineyards
3405701,Miscellaneous_grain_and_hay
3405705,Miscellaneous_grain_and_hay
3405712,Unclassified_fallow
3405715,Vineyards
3405716,Unclassified_fallow
3405717,Vineyards
3405721,Vineyards
3405722,Unclassified_fallow
3405723,Unclassified_fallow
3405724,Vineyards
3405725,Unclassified_fallow
3405727,Vineyards
3405728,Unclassified_fallow
3405729,Vineyards
3405733,Vineyards
3405735,Unclassified_fallow
3405737,Vineyards
3405738,Vineyards
3405740,Miscellaneous_grain_and_hay
3405742,Unclassified_fallow
3405743,Miscellaneous_grain_and_hay
3405744,Unclassified_fallow
3405745,Other
3405747,Miscellaneous_grain_and_hay
3405753,Vineyards
3405757,Vineyards
3405758,Miscellaneous_grain_and_hay
3405759,Unclassified_fallow
3405763,Unclassified_fallow
3405764,Vineyards
3405765,Unclassified_fallow
3405767,Unclassified_fallow
3405770,Vineyards
3405772,Vineyards
3405773,Unclassified_fallow
3405774,Unclassified_fallow
3405775,Vineyards
3405776,Unclassified_fallow
3405777,Vineyards
3405779,Unclassified_fallow
3405784,Unclassified_fallow
3405789,Miscellaneous_grain_and_hay
3405792,Vineyards
3405793,Unclassified_fallow
3405794,Unclassified_fallow
3405795,Vineyards
3405796,Unclassified_fallow
3405798,Unclassified_fallow
3405799,Unclassified_fallow
3405802,Vineyards
3405807,Other
3405809,Unclassified_fallow
3405812,Vineyards
3405813,Vineyards
3405814,Unclassified_fallow
3405815,Unclassified_fallow
3405817,Miscellaneous_grain_and_hay
3405819,Unclassified_fallow
3405822,Unclassified_fallow
3405824,Unclassified_fallow
3405825,Vineyards
3405828,Other
3405831,Unclassified_fallow
3405832,Unclassified_fallow
3405833,Unclassified_fallow
3405834,Unclassified_fallow
3405837,Unclassified_fallow
3405838,Unclassified_fallow
3405839,Vineyards
3405842,Unclassified_fallow
3405846,Unclassified_fallow
3405849,Vineyards
3405852,Unclassified_fallow
3405854,Miscellaneous_grain_and_hay
3405856,Unclassified_fallow
3405858,Vineyards
3405860,Unclassified_fallow
3405866,Unclassified_fallow
3405867,Unclassified_fallow
3405869,Vineyards
3405871,Vineyards
3405873,Vineyards
3405875,Unclassified_fallow
3405877,Unclassified_fallow
3405880,Other
3405881,Unclassified_fallow
3405883,Other
3405885,Vineyards
3405886,Vineyards
3405889,Unclassified_fallow
3405890,Vineyards
3405892,Unclassified_fallow
3405893,Unclassified_fallow
3405895,Vineyards
3405896,Unclassified_fallow
3405897,Vineyards
3405899,Vineyards
3405900,Unclassified_fallow
3405904,Unclassified_fallow
3405908,Unclassified_fallow
3405910,Unclassified_fallow
3405913,Unclassified_fallow
3405915,Vineyards
3405917,Unclassified_fallow
3405920,Unclassified_fallow
3405921,Unclassified_fallow
3405922,Vineyards
3405923,Unclassified_fallow
3405924,Unclassified_fallow
3405927,Unclassified_fallow
3405930,Unclassified_fallow
3405931,Unclassified_fallow
3405933,Vineyards
3405934,Unclassified_fallow
3405935,Vineyards
3405936,Vineyards
3405938,Other
3405941,Unclassified_fallow
3405944,Vineyards
3405946,Vineyards
3405947,Unclassified_fallow
3405948,Miscellaneous_grain_and_hay
3405949,Unclassified_fallow
3405951,Unclassified_fallow
3405952,Unclassified_fallow
3405955,Unclassified_fallow
3405957,Unclassified_fallow
3405959,Unclassified_fallow
3405961,Miscellaneous_grain_and_hay
3405963,Miscellaneous_grain_and_hay
3405965,Unclassified_fallow
3405966,Miscellaneous_grain_and_hay
3405968,Unclassified_fallow
3405969,Vineyards
3405971,Vineyards
3405975,Vineyards
3405976,Unclassified_fallow
3405977,Unclassified_fallow
3405979,Unclassified_fallow
3405980,Vineyards
3405983,Unclassified_fallow
3405986,Vineyards
3405988,Unclassified_fallow
3405989,Vineyards
3405990,Miscellaneous_grain_and_hay
3405993,Unclassified_fallow
3405995,Unclassified_fallow
3405999,Miscellaneous_grain_and_hay
3406000,Unclassified_fallow
3406001,Unclassified_fallow
3406002,Unclassified_fallow
3406003,Other
3406004,Unclassified_fallow
3406005,Unclassified_fallow
3406006,Unclassified_fallow
3406008,Vineyards
3406009,Unclassified_fallow
3406011,Alfalfa_and_alfalfa_mixtures
3406017,Unclassified_fallow
3406019,Unclassified_fallow
3406020,Other
3406021,Unclassified_fallow
3406022,Unclassified_fallow
3406024,Unclassified_fallow
3406027,Vineyards
3406029,Miscellaneous_grain_and_hay
3406030,Other
3406031,Vineyards
3406032,Unclassified_fallow
3406039,Unclassified_fallow
3406040,Unclassified_fallow
3406044,Vineyards
3406045,Vineyards
3406046,Vineyards
3406049,Other
3406050,Unclassified_fallow
3406052,Vineyards
3406053,Vineyards
3406054,Other
3406055,Unclassified_fallow
3406057,Unclassified_fallow
3406058,Unclassified_fallow
3406060,Other
3406062,Vineyards
3406063,Unclassified_fallow
3406065,Unclassified_fallow
3406066,Vineyards
3406080,Vineyards
3406082,Vineyards
3406084,Unclassified_fallow
3406086,Unclassified_fallow
3406087,Other
3406089,Other
3406091,Unclassified_fallow
3406092,Vineyards
3406095,Vineyards
3406099,Other
3406103,Vineyards
3406104,Unclassified_fallow
3406106,Other
3406107,Vineyards
3406110,Unclassified_fallow
3406114,Unclassified_fallow
3406117,Unclassified_fallow
3406121,Unclassified_fallow
3406124,Miscellaneous_grain_and_hay
3406125,Vineyards
3406129,Unclassified_fallow
3406130,Vineyards
3406133,Unclassified_fallow
3406134,Vineyards
3406135,Unclassified_fallow
3406136,Unclassified_fallow
3406137,Unclassified_fallow
3406138,Unclassified_fallow
3406144,Unclassified_fallow
3406145,Miscellaneous_grain_and_hay
3406146,Vineyards
3406147,Vineyards
3406148,Unclassified_fallow
3406149,Unclassified_fallow
3406150,Unclassified_fallow
3406153,Other
3406155,Unclassified_fallow
3406156,Unclassified_fallow
3406160,Miscellaneous_grain_and_hay
3406161,Unclassified_fallow
3406170,Unclassified_fallow
3406172,Unclassified_fallow
3406178,Unclassified_fallow
3406180,Vineyards
3406181,Unclassified_fallow
3406183,Vineyards
3406186,Vineyards
3406187,Miscellaneous_grain_and_hay
3406192,Vineyards
3406193,Vineyards
3406194,Unclassified_fallow
3406195,Miscellaneous_grain_and_hay
3406197,Unclassified_fallow
3406198,Unclassified_fallow
3406201,Vineyards
3406203,Unclassified_fallow
3406204,Vineyards
3406205,Unclassified_fallow
3406207,Unclassified_fallow
3406209,Unclassified_fallow
3406211,Unclassified_fallow
3406212,Unclassified_fallow
3406214,Unclassified_fallow
3406217,Vineyards
3406218,Vineyards
3406219,Unclassified_fallow
3406220,Unclassified_fallow
3406221,Unclassified_fallow
3406225,Unclassified_fallow
3406226,Vineyards
3406227,Vineyards
3406231,Unclassified_fallow
3406233,Unclassified_fallow
3406234,Unclassified_fallow
3406235,Vineyards
3406236,Other
3406238,Unclassified_fallow
3406239,Unclassified_fallow
3406244,Vineyards
3406245,Unclassified_fallow
3406247,Other
3406248,Unclassified_fallow
3406249,Unclassified_fallow
3406252,Vineyards
3406254,Vineyards
3406255,Miscellaneous_grain_and_hay
3406256,Miscellaneous_grain_and_hay
3406257,Vineyards
3406258,Unclassified_fallow
3406261,Vineyards
3406262,Miscellaneous_grain_and_hay
3406263,Unclassified_fallow
3406265,Unclassified_fallow
3406266,Unclassified_fallow
3406268,Unclassified_fallow
3406269,Unclassified_fallow
3406271,Vineyards
3406272,Unclassified_fallow
3406273,Unclassified_fallow
3406277,Other
3406279,Unclassified_fallow
3406281,Unclassified_fallow
3406284,Vineyards
3406291,Unclassified_fallow
3406293,Vineyards
3406294,Vineyards
3406295,Unclassified_fallow
3406299,Vineyards
3406300,Vineyards
3406304,Vineyards
3406305,Unclassified_fallow
3406306,Other
3406309,Unclassified_fallow
3406312,Vineyards
3406313,Miscellaneous_grain_and_hay
3406314,Unclassified_fallow
3406316,Vineyards
3406317,Miscellaneous_grain_and_hay
3406319,Miscellaneous_grain_and_hay
3406320,Unclassified_fallow
3406321,Vineyards
3406323,Vineyards
3406327,Unclassified_fallow
3406329,Vineyards
3406334,Vineyards
3406337,Unclassified_fallow
3406339,Vineyards
3406341,Unclassified_fallow
3406342,Vineyards
3406343,Miscellaneous_grain_and_hay
3406344,Unclassified_fallow
3406346,Vineyards
3406347,Unclassified_fallow
3406350,Unclassified_fallow
3406351,Unclassified_fallow
3406357,Other
3406359,Unclassified_fallow
3406360,Vineyards
3406361,Unclassified_fallow
3406362,Unclassified_fallow
3406363,Unclassified_fallow
3406364,Unclassified_fallow
3406365,Unclassified_fallow
3406366,Vineyards
3406367,Unclassified_fallow
3406369,Unclassified_fallow
3406370,Other
3406372,Miscellaneous_grain_and_hay
3406374,Unclassified_fallow
3406375,Vineyards
3406376,Vineyards
3406381,Unclassified_fallow
3406382,Unclassified_fallow
3406383,Unclassified_fallow
3406384,Vineyards
3406385,Vineyards
3406386,Unclassified_fallow
3406387,Vineyards
3406389,Vineyards
3406390,Unclassified_fallow
3406391,Vineyards
3406392,Unclassified_fallow
3406394,Miscellaneous_grain_and_hay
3406395,Vineyards
3406396,Unclassified_fallow
3406397,Unclassified_fallow
3406398,Miscellaneous_grain_and_hay
3406400,Vineyards
3406402,Unclassified_fallow
3406403,Unclassified_fallow
3406404,Other
3406412,Unclassified_fallow
3406414,Unclassified_fallow
3406420,Unclassified_fallow
3406423,Vineyards
3406425,Unclassified_fallow
3406430,Unclassified_fallow
3406431,Other
3406433,Vineyards
3406434,Unclassified_fallow
3406435,Other
3406436,Unclassified_fallow
3406438,Unclassified_fallow
3406444,Vineyards
3406446,Other
3406447,Miscellaneous_grain_and_hay
3406448,Unclassified_fallow
3406450,Other
3406455,Unclassified_fallow
3406456,Unclassified_fallow
3406457,Miscellaneous_grain_and_hay
3406458,Unclassified_fallow
3406459,Unclassified_fallow
3406460,Unclassified_fallow
3406463,Unclassified_fallow
3406465,Miscellaneous_grain_and_hay
3406466,Vineyards
3406468,Vineyards
3406470,Vineyards
3406471,Vineyards
3406472,Vineyards
3406475,Unclassified_fallow
3406481,Unclassified_fallow
3406482,Vineyards
3406483,Vineyards
3406484,Vineyards
3406487,Unclassified_fallow
3406489,Unclassified_fallow
3406490,Unclassified_fallow
3406492,Unclassified_fallow
3406495,Unclassified_fallow
3406497,Vineyards
3406498,Unclassified_fallow
3406499,Unclassified_fallow
3406502,Unclassified_fallow
3406504,Unclassified_fallow
3406505,Vineyards
3406507,Vineyards
3406508,Unclassified_fallow
3406510,Unclassified_fallow
3406516,Unclassified_fallow
3406519,Vineyards
3406522,Unclassified_fallow
3406523,Vineyards
3406524,Unclassified_fallow
3406525,Miscellaneous_grain_and_hay
3406526,Vineyards
3406528,Unclassified_fallow
3406529,Vineyards
3406531,Vineyards
3406532,Vineyards
3406533,Unclassified_fallow
3406535,Vineyards
3406537,Unclassified_fallow
3406538,Miscellaneous_grain_and_hay
3406540,Unclassified_fallow
3406541,Miscellaneous_grain_and_hay
3406545,Unclassified_fallow
3406548,Other
3406549,Vineyards
3406550,Vineyards
3406555,Miscellaneous_grain_and_hay
3406556,Miscellaneous_grain_and_hay
3406559,Vineyards
3406560,Vineyards
3406562,Vineyards
3406563,Vineyards
3406564,Unclassified_fallow
3406566,Vineyards
3406568,Unclassified_fallow
3406570,Unclassified_fallow
3406573,Unclassified_fallow
3406574,Vineyards
3406575,Unclassified_fallow
3406576,Unclassified_fallow
3406577,Unclassified_fallow
3406578,Vineyards
3406579,Vineyards
3406580,Vineyards
3406581,Unclassified_fallow
3406583,Unclassified_fallow
3406585,Other
3406587,Vineyards
3406593,Unclassified_fallow
3406594,Unclassified_fallow
3406596,Other
3406600,Miscellaneous_grain_and_hay
3406601,Unclassified_fallow
3406602,Unclassified_fallow
3406603,Vineyards
3406605,Unclassified_fallow
3406615,Unclassified_fallow
3406616,Unclassified_fallow
3406618,Unclassified_fallow
3406619,Unclassified_fallow
3406620,Unclassified_fallow
3406621,Unclassified_fallow
3406622,Unclassified_fallow
3406624,Vineyards
3406625,Unclassified_fallow
3406626,Vineyards
3406631,Unclassified_fallow
3406633,Unclassified_fallow
3406635,Unclassified_fallow
3406636,Unclassified_fallow
3406637,Vineyards
3406638,Miscellaneous_grain_and_hay
3406640,Vineyards
3406642,Unclassified_fallow
3406645,Unclassified_fallow
3406647,Unclassified_fallow
3406648,Miscellaneous_grain_and_hay
3406650,Unclassified_fallow
3406652,Vineyards
3406654,Other
3406656,Vineyards
3406659,Unclassified_fallow
3406660,Other
3406662,Vineyards
3406663,Other
3406665,Unclassified_fallow
3406669,Miscellaneous_grain_and_hay
3406672,Unclassified_fallow
3406678,Vineyards
3406680,Vineyards
3406681,Unclassified_fallow
3406682,Vineyards
3406686,Unclassified_fallow
3406688,Vineyards
3406689,Unclassified_fallow
3406692,Vineyards
3406693,Vineyards
3406694,Unclassified_fallow
3406695,Other
3406696,Unclassified_fallow
3406697,Vineyards
3406699,Unclassified_fallow
3406701,Vineyards
3406703,Unclassified_fallow
3406705,Vineyards
3406706,Other
3406707,Miscellaneous_grain_and_hay
3406708,Unclassified_fallow
3406711,Miscellaneous_grain_and_hay
3406713,Other
3406715,Vineyards
3406718,Vineyards
3406721,Unclassified_fallow
3406722,Vineyards
3406723,Vineyards
3406727,Miscellaneous_grain_and_hay
3406728,Vineyards
3406730,Unclassified_fallow
3406731,Vineyards
3406732,Unclassified_fallow
3406734,Other
3406738,Vineyards
3406739,Unclassified_fallow
3406740,Vineyards
3406743,Unclassified_fallow
3406744,Unclassified_fallow
3406749,Unclassified_fallow
3406750,Unclassified_fallow
3406752,Other
3406757,Vineyards
3406761,Other
3406762,Vineyards
3406763,Unclassified_fallow
3406765,0
3406767,Unclassified_fallow
3406769,Unclassified_fallow
3406771,Unclassified_fallow
3406775,Unclassified_fallow
3406776,Vineyards
3406781,Unclassified_fallow
3406782,Unclassified_fallow
3406783,Vineyards
3406784,Vineyards
3406788,Unclassified_fallow
3406793,Unclassified_fallow
3406794,Unclassified_fallow
3406795,Vineyards
3406796,Unclassified_fallow
3406797,Vineyards
3406800,Unclassified_fallow
3406801,Vineyards
3406802,Unclassified_fallow
3406803,Unclassified_fallow
3406807,Unclassified_fallow
3406808,Unclassified_fallow
3406810,Unclassified_fallow
3406814,Unclassified_fallow
3406815,Unclassified_fallow
3406817,Unclassified_fallow
3406820,Vineyards
3406823,Vineyards
3406824,Unclassified_fallow
3406827,Unclassified_fallow
3406828,Unclassified_fallow
3406829,Unclassified_fallow
3406830,Miscellaneous_grain_and_hay
3406834,Unclassified_fallow
3406835,Unclassified_fallow
3406836,Vineyards
3406837,Unclassified_fallow
3406841,Unclassified_fallow
3406843,Unclassified_fallow
3406848,Unclassified_fallow
3406850,Unclassified_fallow
3406851,Unclassified_fallow
3406854,Unclassified_fallow
3406857,Unclassified_fallow
3406860,Unclassified_fallow
3406862,Vineyards
3406865,Unclassified_fallow
3406868,Unclassified_fallow
3406869,Unclassified_fallow
3406872,Unclassified_fallow
3406875,Miscellaneous_grain_and_hay
3406878,Unclassified_fallow
3406879,Vineyards
3406885,Unclassified_fallow
3406886,Other
3406887,Unclassified_fallow
3406888,Unclassified_fallow
3406889,Unclassified_fallow
3406891,Unclassified_fallow
3406893,Unclassified_fallow
3406894,Other
3406897,Unclassified_fallow
3406899,Vineyards
3406900,Unclassified_fallow
3406901,Unclassified_fallow
3406904,Unclassified_fallow
3406905,Miscellaneous_grain_and_hay
3406906,Unclassified_fallow
3406907,Unclassified_fallow
3406911,Vineyards
3406913,Other
3406914,Unclassified_fallow
3406915,Unclassified_fallow
3406917,Vineyards
3406919,Other
3406923,Vineyards
3406924,Vineyards
3406925,Unclassified_fallow
3406926,Other
3406928,Unclassified_fallow
3406930,Unclassified_fallow
3406933,Unclassified_fallow
3406935,Unclassified_fallow
3406936,Unclassified_fallow
3406937,Vineyards
3406938,Vineyards
3406939,Vineyards
3406940,Unclassified_fallow
3406942,Vineyards
3406947,Unclassified_fallow
3406950,Other
3406952,Unclassified_fallow
3406953,Unclassified_fallow
3406954,Unclassified_fallow
3406957,Other
3406959,Vineyards
3406960,Unclassified_fallow
3406965,Unclassified_fallow
3406966,Vineyards
3406967,Unclassified_fallow
3406969,Unclassified_fallow
3406970,Miscellaneous_grain_and_hay
3406971,Unclassified_fallow
3406973,Miscellaneous_grain_and_hay
3406976,Unclassified_fallow
3406977,Vineyards
3406980,Miscellaneous_grain_and_hay
3406982,Unclassified_fallow
3406983,Miscellaneous_grain_and_hay
3406984,Unclassified_fallow
3406985,Unclassified_fallow
3406987,Unclassified_fallow
3406994,Unclassified_fallow
3406996,Unclassified_fallow
3406998,Vineyards
3406999,Vineyards
3407003,Vineyards
3407004,Unclassified_fallow
3407005,Unclassified_fallow
3407009,Unclassified_fallow
3407010,Unclassified_fallow
3407015,Unclassified_fallow
3407016,Unclassified_fallow
3407017,Vineyards
3407018,Unclassified_fallow
3407019,Unclassified_fallow
3407020,Unclassified_fallow
3407021,Unclassified_fallow
3407022,Miscellaneous_grain_and_hay
3407023,Unclassified_fallow
3407024,Unclassified_fallow
3407029,Vineyards
3407032,Other
3407033,Vineyards
3407035,Unclassified_fallow
3407036,Unclassified_fallow
3407040,Unclassified_fallow
3407042,Unclassified_fallow
3407043,Unclassified_fallow
3407045,Unclassified_fallow
3407046,Miscellaneous_grain_and_hay
3407049,Miscellaneous_grain_and_hay
3407050,Unclassified_fallow
3407052,Unclassified_fallow
3407054,Vineyards
3407056,Vineyards
3407057,Unclassified_fallow
3407058,Vineyards
3407059,Unclassified_fallow
3407061,Unclassified_fallow
3407062,Unclassified_fallow
3407063,Vineyards
3407065,Unclassified_fallow
3407067,Vineyards
3407069,Unclassified_fallow
3407076,Unclassified_fallow
3407078,Vineyards
3407080,Vineyards
3407082,Vineyards
3407083,Unclassified_fallow
3407084,Vineyards
3407087,Unclassified_fallow
3407088,Vineyards
3407089,Vineyards
3407094,Vineyards
3407096,Unclassified_fallow
3407100,Vineyards
3407101,Unclassified_fallow
3407103,Unclassified_fallow
3407104,Vineyards
3407109,Unclassified_fallow
3407115,Vineyards
3407116,Unclassified_fallow
3407117,Unclassified_fallow
3407118,Vineyards
3407120,Unclassified_fallow
3407121,Vineyards
3407123,Other
3407126,Vineyards
3407127,Unclassified_fallow
3407128,Unclassified_fallow
3407129,Unclassified_fallow
3407131,0
3407133,Other
3407136,Unclassified_fallow
3407141,Unclassified_fallow
3407142,Vineyards
3407145,Unclassified_fallow
3407146,Vineyards
3407147,Unclassified_fallow
3407148,Vineyards
3407151,Other
3407153,Vineyards
3407154,Miscellaneous_grain_and_hay
3407156,Unclassified_fallow
3407160,Vineyards
3407162,Other
3407164,Vineyards
3407168,Vineyards
3407169,Unclassified_fallow
3407170,Vineyards
3407171,Vineyards
3407173,Vineyards
3407176,Unclassified_fallow
3407182,Vineyards
3407183,Other
3407185,Other
3407186,Unclassified_fallow
3407193,Unclassified_fallow
3407194,Vineyards
3407200,Unclassified_fallow
3407201,Unclassified_fallow
3407204,Vineyards
3407205,Unclassified_fallow
3407206,Unclassified_fallow
3407207,Unclassified_fallow
3407229,Unclassified_fallow
3407230,Unclassified_fallow
3407234,Vineyards
3407235,Unclassified_fallow
3407236,Unclassified_fallow
3407237,Unclassified_fallow
3407239,Miscellaneous_grain_and_hay
3407240,Unclassified_fallow
3407241,Unclassified_fallow
3407242,Miscellaneous_grain_and_hay
3407244,Unclassified_fallow
3407245,Unclassified_fallow
3407246,Unclassified_fallow
3407261,Vineyards
3407270,Unclassified_fallow
3407271,Unclassified_fallow
3407273,Other
3407275,Vineyards
3407292,Unclassified_fallow
3407293,Other
3407294,Unclassified_fallow
3407295,Unclassified_fallow
3407296,Unclassified_fallow
3407297,Unclassified_fallow
3407298,Unclassified_fallow
3407299,Unclassified_fallow
3407300,Unclassified_fallow
3407301,Unclassified_fallow
3407302,Unclassified_fallow
3407303,Unclassified_fallow
3407304,Unclassified_fallow
3407306,Unclassified_fallow
3407307,Vineyards
3407308,Unclassified_fallow
3407310,Unclassified_fallow
3407311,Unclassified_fallow
3407312,Vineyards
3407313,Unclassified_fallow
3407314,Vineyards
3407316,Vineyards
3407318,Unclassified_fallow
3407319,Unclassified_fallow
3407322,Vineyards
3407323,Miscellaneous_grain_and_hay
3407324,Vineyards
3407325,Vineyards
3407326,Vineyards
3407327,Vineyards
3407330,Vineyards
3407333,Other
3407334,Vineyards
3407342,Vineyards
3407356,Vineyards
3407365,Unclassified_fallow
3407367,Unclassified_fallow
3407368,Unclassified_fallow
3407376,Unclassified_fallow
3407377,Unclassified_fallow
3407378,Unclassified_fallow
3407379,Unclassified_fallow
3407380,Vineyards
3407382,Unclassified_fallow
3407384,Unclassified_fallow
3407385,Unclassified_fallow
3407386,Unclassified_fallow
3407387,Vineyards
3407388,Vineyards
3407389,Vineyards
3407390,Vineyards
3407391,Vineyards
3407395,Vineyards
3407397,Vineyards
3407398,Unclassified_fallow
3407399,Vineyards
3407400,Unclassified_fallow
3407401,Unclassified_fallow
3407402,Unclassified_fallow
3407403,Unclassified_fallow
3407404,Unclassified_fallow
3407405,Vineyards
3407406,Vineyards
3407408,Vineyards
3407410,Miscellaneous_grain_and_hay
3407411,Unclassified_fallow
3407412,Unclassified_fallow
3407429,Other
3407430,Unclassified_fallow
3407431,Unclassified_fallow
3407432,Unclassified_fallow
3407434,Unclassified_fallow
3407435,Unclassified_fallow
3407436,Unclassified_fallow
3407437,Unclassified_fallow
3407438,Unclassified_fallow
3407439,Unclassified_fallow
3407440,Unclassified_fallow
3407441,Unclassified_fallow
3407442,Unclassified_fallow
3407443,Unclassified_fallow
3407447,Unclassified_fallow
3407448,Unclassified_fallow
3407449,Unclassified_fallow
3407450,Unclassified_fallow
3407451,Unclassified_fallow
3407452,Unclassified_fallow
3407453,Unclassified_fallow
3407475,Other
3407477,Unclassified_fallow
3407478,Unclassified_fallow
3407479,Unclassified_fallow
3407480,Unclassified_fallow
3407481,Unclassified_fallow
3407482,Unclassified_fallow
3407483,Miscellaneous_grain_and_hay
3407484,Unclassified_fallow
3407485,Unclassified_fallow
3407486,Unclassified_fallow
3407491,Vineyards
3407492,Unclassified_fallow
3407493,Unclassified_fallow
3407494,Unclassified_fallow
3407495,Unclassified_fallow
3407496,Unclassified_fallow
3407498,Unclassified_fallow
3407499,Unclassified_fallow
3407503,Unclassified_fallow
3407504,Miscellaneous_grain_and_hay
3407505,Unclassified_fallow
3407508,Vineyards
3407509,Unclassified_fallow
3407510,Unclassified_fallow
3407511,Unclassified_fallow
3407512,Miscellaneous_grain_and_hay
3407513,Vineyards
3407514,Unclassified_fallow
3407515,Unclassified_fallow
3407516,Unclassified_fallow
3407517,Unclassified_fallow
3407518,Unclassified_fallow
3407519,Unclassified_fallow
3407520,Unclassified_fallow
3407521,Other
3407522,Unclassified_fallow
3407523,Unclassified_fallow
3407524,Unclassified_fallow
3407525,Unclassified_fallow
3407526,Unclassified_fallow
3407527,Unclassified_fallow
3407528,Unclassified_fallow
3407529,Vineyards
3407530,Other
3407531,Unclassified_fallow
3407532,Unclassified_fallow
3407533,Unclassified_fallow
3407534,Unclassified_fallow
3407535,Miscellaneous_grain_and_hay
3407536,Unclassified_fallow
3407537,Other
3407538,Unclassified_fallow
3407539,Unclassified_fallow
3407540,Unclassified_fallow
3407543,Vineyards
3407546,Unclassified_fallow
3407551,Unclassified_fallow
3407552,Unclassified_fallow
3407553,Unclassified_fallow
3407556,Unclassified_fallow
3407557,Unclassified_fallow
3407564,Unclassified_fallow
3407565,Unclassified_fallow
3407566,Other
3407567,Unclassified_fallow
3407570,Vineyards
3407571,Unclassified_fallow
3407573,Unclassified_fallow
3407603,Other
3407604,Other
3407610,Unclassified_fallow
3407612,Unclassified_fallow
3407613,Unclassified_fallow
3407619,Unclassified_fallow
3407620,Unclassified_fallow
3407621,Unclassified_fallow
3407622,Unclassified_fallow
3407623,Miscellaneous_grain_and_hay
3407624,Unclassified_fallow
3407625,Unclassified_fallow
3407626,Unclassified_fallow
3407627,Unclassified_fallow
3407628,Unclassified_fallow
3407629,Unclassified_fallow
3407630,Unclassified_fallow
3407631,Unclassified_fallow
3407632,Unclassified_fallow
3407633,Unclassified_fallow
3407634,Unclassified_fallow
3407639,Other
3407640,Other
3407641,Unclassified_fallow
3407647,Unclassified_fallow
3407649,Unclassified_fallow
3407650,Other
3407653,0
3407665,Unclassified_fallow
3407666,Vineyards
3407667,Vineyards
3407668,Unclassified_fallow
3407674,Vineyards
3407675,Miscellaneous_grain_and_hay
3407676,Unclassified_fallow
3407677,Unclassified_fallow
3407678,Unclassified_fallow
3407679,Unclassified_fallow
3407680,Miscellaneous_grain_and_hay
3407681,Unclassified_fallow
3407682,Unclassified_fallow
3407683,Unclassified_fallow
3407684,Miscellaneous_grain_and_hay
3407685,Unclassified_fallow
3407686,Miscellaneous_grain_and_hay
3407687,Unclassified_fallow
3407688,Unclassified_fallow
3407689,Unclassified_fallow
3407690,Miscellaneous_grain_and_hay
3407691,Unclassified_fallow
3407692,Unclassified_fallow
3407693,Unclassified_fallow
3407694,Unclassified_fallow
3407695,Unclassified_fallow
3407696,Unclassified_fallow
3407697,Unclassified_fallow
3407698,Miscellaneous_grain_and_hay
3407699,Unclassified_fallow
3407700,Miscellaneous_grain_and_hay
3407701,Unclassified_fallow
3407702,Unclassified_fallow
3407703,Unclassified_fallow
3407704,Unclassified_fallow
3407705,Miscellaneous_grain_and_hay
3407706,Miscellaneous_grain_and_hay
3407707,Unclassified_fallow
3407708,Unclassified_fallow
3407709,Unclassified_fallow
3407710,Unclassified_fallow
3407711,Unclassified_fallow
3407712,Unclassified_fallow
3407735,Vineyards
3407736,Unclassified_fallow
3407737,Unclassified_fallow
3407738,Unclassified_fallow
3407739,Unclassified_fallow
3407740,Unclassified_fallow
3407746,Vineyards
3407755,Unclassified_fallow
3407758,Vineyards
3407803,Unclassified_fallow
3407804,Unclassified_fallow
3407805,Unclassified_fallow
3407835,Vineyards
3407837,Unclassified_fallow
3407840,Unclassified_fallow
3407841,Other
3407842,Other
3407843,Unclassified_fallow
3407844,Vineyards
3900473,Vineyards
3900652,Unclassified_fallow
3900810,Unclassified_fallow
3900818,Vineyards
3900854,Miscellaneous_grain_and_hay
3900879,Vineyards
3900902,Unclassified_fallow
3901491,Vineyards
3901941,Vineyards
3901949,Vineyards
3902018,Vineyards
3902040,Unclassified_fallow
3902252,Vineyards
3902430,Vineyards
3902446,Unclassified_fallow
3902544,Vineyards
3902545,Unclassified_fallow
3902632,Vineyards
3902685,Vineyards
3902727,Other
3902871,Unclassified_fallow
3902874,Unclassified_fallow
3902936,Vineyards
3903081,Unclassified_fallow
3903116,Unclassified_fallow
3903466,Vineyards
3903475,Vineyards
3903494,Vineyards
3903641,Vineyards
3903867,Vineyards
3903964,Vineyards
3903990,Vineyards
3904048,Unclassified_fallow
3904134,Vineyards
3904268,Vineyards
3904418,Unclassified_fallow
3904437,Unclassified_fallow
3904630,Vineyards
3904706,Unclassified_fallow
3904775,Unclassified_fallow
3904847,Vineyards
3904955,Vineyards
3904957,Vineyards
3905033,Unclassified_fallow
3905087,Vineyards
3905119,Vineyards
3905276,Unclassified_fallow
3905282,Unclassified_fallow
3905300,Vineyards
3905521,Unclassified_fallow
3905571,Vineyards
3905586,Vineyards
3905637,Vineyards
3905682,Unclassified_fallow
3905697,Vineyards
3905929,Vineyards
3905943,Other
3905946,Unclassified_fallow
3905963,Vineyards
3906008,Vineyards
3906168,Vineyards
3906501,Unclassified_fallow
3906537,Alfalfa_and_alfalfa_mixtures
3906623,Unclassified_fallow
3906761,Unclassified_fallow
3906807,Vineyards
3906991,Vineyards
3907201,Vineyards
3907213,Unclassified_fallow
3907379,Vineyards
3907413,Vineyards
3907488,Vineyards
3907493,Unclassified_fallow
3907924,Vineyards
3907971,Other
3907977,Vineyards
3908199,Vineyards
3908215,Unclassified_fallow
3908219,Unclassified_fallow
3908224,Vineyards
3908362,Vineyards
3908445,Vineyards
3908455,Unclassified_fallow
3908708,Unclassified_fallow
3908749,Unclassified_fallow
3909119,Vineyards
3909152,Vineyards
3909168,Alfalfa_and_alfalfa_mixtures
3909550,Vineyards
3909633,Vineyards
3909697,Vineyards
3909858,Unclassified_fallow
3909920,Vineyards
3910047,Vineyards
3910079,Unclassified_fallow
3910120,Vineyards
3910325,Vineyards
3910416,Vineyards
3910593,Unclassified_fallow
3910725,Vineyards
3910778,Unclassified_fallow
3910815,0
3910883,Vineyards
3910923,Vineyards
3911002,Vineyards
3911030,Unclassified_fallow
3911031,Alfalfa_and_alfalfa_mixtures
3911080,Unclassified_fallow
3911226,Vineyards
3911303,Miscellaneous_grain_and_hay
3911390,Vineyards
3911421,Vineyards
3911555,Vineyards
3911596,Vineyards
3911597,Vineyards
3911624,Unclassified_fallow
3911704,Vineyards
3911795,Vineyards
3911912,Vineyards
3911916,Unclassified_fallow
3912347,Vineyards
3912426,Unclassified_fallow
3912509,Vineyards
3912619,Vineyards
3912758,Unclassified_fallow
3912772,Vineyards
3912918,Vineyards
3912946,Vineyards
3912981,Unclassified_fallow
3913048,Unclassified_fallow
3913086,Vineyards
3913108,Unclassified_fallow
3913126,Vineyards
3913200,Unclassified_fallow
3913553,Unclassified_fallow
3913555,Vineyards
3913605,Vineyards
3913659,Other
3913664,Vineyards
3913696,Unclassified_fallow
3913751,Vineyards
3913826,Vineyards
3913870,Unclassified_fallow
3913935,Unclassified_fallow
3913995,Vineyards
3914024,Vineyards
3914054,Vineyards
3914088,Vineyards
3914251,Unclassified_fallow
3914281,Unclassified_fallow
3914338,Unclassified_fallow
3914402,Vineyards
3914773,Vineyards
3914799,Other
3914948,Unclassified_fallow
3914957,Vineyards
3914972,Vineyards
3915230,Vineyards
3915231,Vineyards
3915431,Vineyards
3915442,Vineyards
3915674,Vineyards
3915691,Unclassified_fallow
3915704,Vineyards
3915739,Vineyards
3915760,Vineyards
3915778,Unclassified_fallow
3915877,Vineyards
3915938,Vineyards
3915989,Vineyards
3915999,Vineyards
3916038,Unclassified_fallow
3916072,Vineyards
3916235,Vineyards
3916265,Vineyards
3916275,Vineyards
3916278,Vineyards
3916525,Unclassified_fallow
3917140,Other
3917157,Unclassified_fallow
3917177,Unclassified_fallow
3917827,Unclassified_fallow
3918192,Other
3918283,Vineyards
3918329,Miscellaneous_grain_and_hay
3918655,Vineyards
3918662,Unclassified_fallow
3918787,Unclassified_fallow
3919232,Unclassified_fallow
3919612,Unclassified_fallow
3919653,Unclassified_fallow
3919802,Vineyards
3919871,Vineyards
3919942,Vineyards
3919983,Vineyards
3920184,Other
3920273,Vineyards
3920425,Vineyards
3920437,Miscellaneous_grain_and_hay
3920529,Other
3920637,Unclassified_fallow
3920785,Other
3920873,Unclassified_fallow
3920877,Unclassified_fallow
3920878,Unclassified_fallow
3921152,Unclassified_fallow
3921886,Unclassified_fallow
3921888,Unclassified_fallow
3921913,Unclassified_fallow
3921919,Other
3921980,Vineyards
3922028,Vineyards
3922084,Unclassified_fallow
